question_number,question_type,question,top1_similarity,top1_distance,top1_child_id,top1_parent_id,top1_title,top1_url,top1_chunk_preview,top_parent_id,top_parent_title,top_parent_similarity,top_parent_preview,parent_1_title,parent_1_similarity,parent_2_title,parent_2_similarity,parent_3_title,parent_3_similarity,parent_4_title,parent_4_similarity,parent_5_title,parent_5_similarity
1,positive,Angelman sendromunun belirtileri nelerdir?,0.8152275085449219,0.18477249145507812,doc_0001_parent_001_child_003,doc_0001_parent_001,Angelman Sendromu,https://www.memorial.com.tr/hastaliklar/angelman-sendromu-nedir-belirtileri-nelerdir,"kromozomun üzerinde yer alan Angelman sendromundan sorumlu bölgeyi içeren kromozomal anomali/ yeniden düzenlemeler, imprinting defektlerinde ve UBE3A nokta mutasyonu olması durumunda ailede tekrarlama ihtimali %50’ye kadar yükselmektedir. Angelman sendromunun belirtileri nelerdir? Angelman sendromunda nöro gelişimsel özellikler, genellikle yaşamın ilk yılında görülen ciddi gelişimsel gecikmeleriyle ortaya çıkmaktadır. Çoğu hastanın gelişimi 24-30 ay arasında plato özelliği gösterir ve ilerlemez. Angelman sendrom tanılı çocukların dil becerisi gelişimi, çoğu hastada herhangi bir konuşma olmaması ve az sayıda hastada ise tek kelimelik kelime dağarcığına sahip olmasıyla karakterizedir. Nörogeli ...",doc_0001_parent_001,Angelman Sendromu,0.8152275085449219,"Genetik geçişli bir hastalık olan Angelman sendromu (AS) genellikle 12 bin ile 20 bin doğumda bir görülen nörolojik bir rahatsızlıktır. Bebekliğin ilk aylarında kendisini belli etmeyen Angelman sendromu, ilk 6-12 aylık dönemdeki gelişim geriliği ile fark edilebilmektedir. Ancak aile fertlerinde Angelman sendromu hikayesi pozitif olan ebeveynlerin yeni doğan bebeğine yapılan testlerle bu rahatsızlık erken bebeklik dönemde teşhis edilebiliyor. Aile bireylerine göre daha açık tenli, sarışın ve renkli gözlü olabilen Angelman sendromlu çocuklarda gelişim geriliği, konuşma bozuklukları ya da konuşma yokluğu, öğrenme güçlüğü, epilepsi ve denge sorunları gibi belirtiler görülebiliyor. Henüz herhangi bir tedavi yöntemi olmayan Angelman sendromunda hastalara genellikle semptomatik ve destekleyici tedaviler uygulanıyor. Aile hikayesi olan anne baba adaylarına çocuk sahibi olmadan önce yapılan testl ...",Angelman Sendromu,0.8152275085449219,Angelman Sendromu,0.6963809728622437,Tükenmişlik Sendromu Nedir? Tükenmişlik Belirtileri ve Tedavisi,0.5434607863426208,Sheehan Sendromu Nedir? Brown Sequard Sendromu Belirtileri ve Tedavisi,0.5367950797080994,Triple X (Trizomi X) Sendromu Nedir? Belirtileri ve Nedenleri Nelerdir?,0.5306993722915649
2,positive,Bradikardi nedir ve belirtileri nelerdir?,0.744892418384552,0.255107581615448,doc_0087_parent_001_child_002,doc_0087_parent_001,Bradikardi (yavaş kalp hızı) nedir?,https://www.memorial.com.tr/hastaliklar/bradikardi-yavas-kalp-hizi-nedir,"Bradikardi belirtileri şöyle sıralanmaktadır: - Yorgunluk veya halsizlik - Baş dönmesi veya göz kararması - Bilinç bulanıklığı, konfüzyon - Bayılma (veya bayılacak gibi olma ) atakları - Nefes darlığı - Egzersiz kapasitesinde azalma, egzersizle çabuk yorulma - Kalp durması Bradikardi neden olur? Risk faktörleri nelerdir? Bradikardiye neden olabilecek sorunlar şöyle sıralanmaktadır: - Kalbin doğal kalp pili olarak adlandırılan sinoatriyal (SA) düğüm denilen bölgesi ile ilgili sorunlar, - Elektriksel uyarıların düzgün bir şekilde ilerlemesine izin vermeyen kalbin iletim yollarındaki sorunlar - Hipotiroidizm (tiroid hormonunun az olması) gibi metabolik problemler - Yapısal kalp hastalığı veya k ...",doc_0087_parent_001,Bradikardi (yavaş kalp hızı) nedir?,0.744892418384552,"Düşük kalp hızı olarak da bilinen bradikardi günümüzde pek çok insanda görülüyor. Sık bayılma, kalp yetmezliği, ani kalp durması gibi ciddi problemlere neden olabilen bradikardi konusunda mutlaka bir uzmana danışılması gerekiyor. Memorial Bahçelievler Hastanesi Kardiyoloji Bölümü’nden Uz. Dr. Gülsüm Bingöl, bradikardi ve tedavi yöntemleri hakkında bilgi verdi. - Bradikardi nedir? - Bradikardi belirtileri nelerdir? - Bradikardi neden olur? Risk faktörleri nelerdir? - Bradikardi tanısı nasıl konulur? - Bradikardi tedavisi nasıldır? - Bradikardi Hakkında Sık Sorulan Sorular Bradikardi nedir? Bradikardi, düşük (yavaş) kalp atış hızı anlamına gelmektedir. Hareketsiz halde oturan bir yetişkinin normal kalp atış hızı dakikada 60-100 seviyelerinde olması gerekmektedir. Bradikardi varlığında nabız 60’ın altındadır. Bradikardi bazı insanlarda herhangi bir soruna ya da şikayete neden olmamaktadır. ...",Bradikardi (yavaş kalp hızı) nedir?,0.744892418384552,Bradikardi (yavaş kalp hızı) nedir?,0.6407830715179443,Budd-Chiari Sendromu Nedir? Belirtileri Nelerdir?,0.5185142755508423,Kardiyojenik Şok Nedir? Kardiyojenik Şok Tedavisi,0.517664909362793,"Tiroid Nedir? Tiroid Belirtileri, Nedenleri ve Tedavisi",0.48277318477630615
3,positive,Böbrek yetmezliğinin belirtileri nelerdir?,0.7757869958877563,0.22421300411224365,doc_0070_parent_002_child_002,doc_0070_parent_002,Böbrek Yetmezliği Nedir? Böbrek Yetmezliği Belirtileri Nelerdir?,https://www.memorial.com.tr/saglik-rehberi/sicak-havada-az-su-icmek-bobrekleri-yoruyor,"- Bazı kanser türleri veya kemoterapi ilaçları - Gereksiz ilaç kullanımı Böbrek Yetmezliği Belirtileri Nelerdir? Böbrek yetmezliği çok fazla veya çok az idrara çıkma, idrar miktarında azalma, bulantı ve kusma, iştah kaybı, ayaklarda ve ayak bileklerinde ödem, halsizlik, cilte kuruma, kaşıntı, nefes darlığı, uyku sorunları ve koma gibi belirtilere neden olur. Böbrek yetmezliği belirtileri genel olarak şunlardır: - İdrar miktarında azalma - Ödem (özellikle ayaklarda) - Aşırı yorgun hissetme - Mide bulantısı ve kusma - İştahsızlık - Kilo kaybı - İdrar görünümünde köpüklü olma gibi değişikler - Kas krampları - Ciltte kuruluk ve kaşıntı - Konsantrasyon bozukluğu - Erkeklerde ereksiyon sorunları - ...",doc_0070_parent_002,Böbrek Yetmezliği Nedir? Böbrek Yetmezliği Belirtileri Nelerdir?,0.7757869958877563,"Zamanla genişleyen ve ciddi böbrek hasarına ve hatta böbrek yetmezliğine neden olabilecek böbrek kistlerinin oluşumu ile ortaya çıkar. Böbrekleri etkileyen kalıtsal diğer hastalıklar Polikistik böbrek hastalığı, Fabry Hastalığı , Alport Sendromu , primer hiperoksalüri ve sistinüridir. - Prostat gibi İdrar yollarını tıkayan rahatsızlıklar: İyi huylu prostat veya prostat kanseri, mesane kanseri, böbrek taşları, böbrek kanseri , enfeksiyonlar, idrar yollarındaki kan pıhtısı gibi idrar yollarını tıkayan nedenler böbrek yetmezliğine yol açabilmektedir. - Böbreğe kan akışını engelleyen nedenler: Kalp krizi veya kalp hastalıkları, karaciğer yetmezliği, ağır yanık veya alerjik reaksiyon gibi böbreklere kan akışının durduran veya azaltan sorunlar böbrek yetmezliğine zemin hazırlayabilmektedir. - Ağır metallerden toksinlere aşırı maruziyet - Uyuşturucu ve alkol - Kan damarlarının iltihabı yani vas ...",Böbrek Yetmezliği Nedir? Böbrek Yetmezliği Belirtileri Nelerdir?,0.7757869958877563,Böbrek Yetmezliği Nedir? Böbrek Yetmezliği Belirtileri Nelerdir?,0.7549059391021729,Böbrekte Kist Nedir? Böbrek Kisti Belirtileri Nelerdir?,0.6872785091400146,Böbrek Yetmezliği Nedir? Böbrek Yetmezliği Belirtileri Nelerdir?,0.6841259002685547,"Böbrek Kanseri Nedir? Belirtileri, Nedenleri ve Tedavisi",0.6818152666091919
4,positive,Migrene ne iyi gelir?,0.6044837236404419,0.3955162763595581,doc_0435_parent_001_child_002,doc_0435_parent_001,Migrene Ne İyi Gelir? Migren Nasıl Geçer?,https://www.memorial.com.tr/saglik-rehberi/migrene-ne-iyi-gelir,"Migrene iyi gelen yöntemler şunlardır: - Sessiz ve ışıksız bir ortamda dinlenmek - Baş, alın, şakak veya enseye soğuk ya da sıcak kompres uygulamak - Nane ve lavanta yağını koklamak - Baş bölgesine ve şakaklara masaj yapmak - Nefes egzersizleri ile stresi yönetmek - Migrene neden olan tetikleyicilerden kaçınmak - Gün içinde düzenli su içmek - Düzenli bir uykuya sahip olmak - Kafein tüketmek - Ihlamur, papatya, rezene veya zencefil gibi rahatlatıcı bitki çayları içmek - Doktor onaylı ibuprofen, naproksen, aspirin veya migren ağrısını kesen ilaçlar kullanmak - Magnezyum, koenzim q10, b2 vitamini ve d vitamini gibi takviyeleri almak Migren Ağrısını Geçirmek için Kullanabilecek Öneriler - Sakin ...",doc_0435_parent_001,Migrene Ne İyi Gelir? Migren Nasıl Geçer?,0.6044837236404419,"Migren, baş ağrısı şeklinde görülen ve nörolojik bir durumdur. Ses, ışık, ağır kokular, az ya da çok uyumak, stres ve bazı yiyeceklerin tüketimi ile tetiklenen migren semptomları çoğu zaman yönetilebilmekte ve uygulanacak yöntemlerle rahatlama sağlanabilmektedir. Migren ataklarında, kafa derisine masaj yapmak, soğuk kompres uygulamak, düzenli uyku alışkanlığı edinmek, karanlık ve sessiz bir odada dinlenmek, esansiyel yağlar koklamak, stresi yönetmek, az kafein almak ve zencefil çayı içmek migrenin etkilerini hafifletebilmektedir. Daha şiddetli ağrılarda doktorun reçete edeceği ilaçlarda rahatlama sağlamaktadır. - Migrene Ne İyi Gelir? - Migren Ağrısını Geçirmek için Kullanabilecek Öneriler - Migrene Ne İyi Gelir ile İlgili Sık Sorulan Sorular Migrene Ne İyi Gelir? Migren atağı tuttuğunda, sessiz ve karanlık bir odada dinlenmek, uyumak, soğuk ya da sıcak kompres uygulamak, lavanta gibi uç ...",Migrene Ne İyi Gelir? Migren Nasıl Geçer?,0.6044837236404419,Migrene Ne İyi Gelir? Migren Nasıl Geçer?,0.4860035181045532,Baş Ağrınız Çocuğunuza Geçebilir,0.3974020481109619,,,,
5,positive,Hamileliğin ilk haftasında mide bulantısı olur mu?,0.7996656894683838,0.2003343105316162,doc_0033_parent_001_child_001,doc_0033_parent_001,Gebelik Dönemindeki Şikâyetleri Önlemek İçin Pratik Öneriler,https://www.memorial.com.tr/saglik-rehberi/gebelik-donemindeki-sikayetleri-onlemek-icin-pratik-oneriler,"Hamileliğin ilk ayları çoğu kadın için mide sorunlarıyla dolu günlerin de başlangıcıdır. İlk dönemdeki mide bulantıları ve sonrasında yaşanan yanma şikayetleri bazı kadınların bu dönemini kabusa çevirebilmektedir. Memorial Hastanesi Gastroenteroloji Bölümü Uzmanları, gebelik döneminde yaşanan mide sorunları ve dikkat edilmesi gerekenler hakkında bilgi verdi. - Hamilelikte mide sorunları neden olur? - Duygusallık Mide Sorunlarını Artırır - Sağlığı Tehdit Edecek Boyutlara Ulaşabilir - Balayı Dönemi - Hamilelik Döneminde Mide Sorunlarını Daha Az Yaşamak İçin; Hamilelikte mide sorunları neden olur? Gebelik , hem hormonel değişimlere bağlı olarak, hem de özellikle son aylarda bebeğin artan kütles ...",doc_0033_parent_001,Gebelik Dönemindeki Şikâyetleri Önlemek İçin Pratik Öneriler,0.7996656894683838,"Hamileliğin ilk ayları çoğu kadın için mide sorunlarıyla dolu günlerin de başlangıcıdır. İlk dönemdeki mide bulantıları ve sonrasında yaşanan yanma şikayetleri bazı kadınların bu dönemini kabusa çevirebilmektedir. Memorial Hastanesi Gastroenteroloji Bölümü Uzmanları, gebelik döneminde yaşanan mide sorunları ve dikkat edilmesi gerekenler hakkında bilgi verdi. - Hamilelikte mide sorunları neden olur? - Duygusallık Mide Sorunlarını Artırır - Sağlığı Tehdit Edecek Boyutlara Ulaşabilir - Balayı Dönemi - Hamilelik Döneminde Mide Sorunlarını Daha Az Yaşamak İçin; Hamilelikte mide sorunları neden olur? Gebelik , hem hormonel değişimlere bağlı olarak, hem de özellikle son aylarda bebeğin artan kütlesinin baskısıyla sindirim sistemi sorunlarının ortaya çıkmasına neden olabilmektedir. Gebeliğin ilk ayları anne adayı için yeni bir dönemin başlangıcıdır. Gebelik hormonlarının etkisi ile bulantı, mide ...",Gebelik Dönemindeki Şikâyetleri Önlemek İçin Pratik Öneriler,0.7996656894683838,Hamilelik Belirtileri Nelerdir? Gebelikte İlk Belirtiler,0.7644065022468567,Hamilelik Belirtileri Nelerdir? Gebelikte İlk Belirtiler,0.740171492099762,Hamilelik Belirtileri Nelerdir? Gebelikte İlk Belirtiler,0.7295325994491577,Hamilelik Belirtileri Nelerdir? Gebelikte İlk Belirtiler,0.7273608446121216
6,positive,Rahim iltihabı kısırlığa neden olabilir mi?,0.7185533046722412,0.2814466953277588,doc_0439_parent_002_child_002,doc_0439_parent_002,Rahim İltihabı,https://www.memorial.com.tr/saglik-rehberi/rahim-iltihabi,Tam kan ve idrar tahlili de rahim iltihabı teşhisinde kullanılan tetkiklerin arasındadır. Rahim iltihabı Böbrek Ağrısı Yapar mı? Rahim iltihabında enfeksiyon karın zarına yayılmışsa hastalarda böbrek ağrısı yaşanabilmektedir. Rahim İltihabı Cinsel İsteksizlik Yapar mı? Rahim iltihabının yapışıklık yaptığı durumlarda ağrı yaşanabilmektedir. Yaşanan ağrı da cinsel isteksizliğe yol açabilmektedir. Rahim İltihabı Düşüğe Neden olur mu? Rahim iltihabı rahim içinde yapışıklık yapmış ise düşüğe sebep olabilir. Rahim Filminde İltihap Belli Olur mu? Rahim filmi iltihap var iken çekilmez. İltihabı yayabilir. İltihabın yapmış olduğu sekel rahim filminde gözükebilir. Rahim İltihabı Kendiliğinden Geçer mi ...,doc_0439_parent_002,Rahim İltihabı,0.7185533046722412,"- Halk arasında dış gebelik olarak bilinen ektopik gebelik riski artabilir. - Kronik pelvik ağrı - Yumurtalık apsesi - Kan dolaşım enfeksiyon septisemi ve septik şoka neden olabilir. Rahim İltihabı Adet Düzensizliği Yapar mı? Adet düzensizliği ve adet gecikmesi birçok nedeni bulunmaktadır. Rahim iltihabı, endometrit veya Endometriozis gibi rahatsızlıklar adet düzensizliğine neden olabilmektedir. Rahim İltihabı Ameliyatı Var mıdır? Rahim iltihabının genel olarak tedavisi ilaç ve antibiyotiktir . Rahim iltihabında ameliyat şu durumlarda yapılabilir; . - İltihabın bulunduğu apsenin patlama ihtimali varsa cerrahi işlemle apse boşaltılabilir. - Doğumdan veya düşükten sonra rahimde kalan doku nedeniyle rahim iltihabı gerçekleşmişse ameliyat tercih edilebilir. Rahim İltihabı Bacak Ağrısı Yapar mı? Rahim iltihabının belirtileri arasında pelvik ağrı ilk sıralarda bulunmaktadır. Bazı durumlarda ka ...",Rahim İltihabı,0.7185533046722412,Rahim İltihabı,0.7067842483520508,Geçmeyen Bel ve Bacak Ağrısının Nedeni Rahim Sarkması Olabilir,0.5324782729148865,D Vitamini Eksikliği Belirtileri Nelerdir? D Vitamini Nelerde Var?,0.4905531406402588,,
7,positive,Multipl miyelom kemik iliği kanseri midir?,0.7936666011810303,0.20633339881896973,doc_0322_parent_001_child_001,doc_0322_parent_001,Multipl Miyelom nedir? Tedavi yöntemleri nelerdir?,https://www.memorial.com.tr/hastaliklar/multipl-miyelom-nedir,"Giderek artan bir kemik iliği kanser türü olan Multipl miyelom, kemik iliğinde anormal bir plazma hücresinin gelişmesi ve hızla çoğalması ile meydana geliyor. Sebebi henüz kesin olarak bilinmeyen multipl miyelom riski daha çok ilerleyen yaşlarda ortaya çıkıyor. Erkeklerde kadınlardan daha sık görülen multipl miyelom; hedefe yönelik tedaviler, kemoterapi ve kemik iliği nakli ile tedavi edilebiliyor. Memorial Şişli Hastanesi Hematoloji Bölümü’nden Doç. Dr. Şebnem İzmir Güler, multipl miyelom kanseri belirtileri, teşhis ve tedavi yöntemleri hakkında bilgi verdi. Multipl miyelom nedir? Multipl miyelom, vücudun enfeksiyonlarla savaşmasına yardımcı olan kemik iliğinde protein üreten plazma hücrele ...",doc_0322_parent_001,Multipl Miyelom nedir? Tedavi yöntemleri nelerdir?,0.7936666011810303,"Giderek artan bir kemik iliği kanser türü olan Multipl miyelom, kemik iliğinde anormal bir plazma hücresinin gelişmesi ve hızla çoğalması ile meydana geliyor. Sebebi henüz kesin olarak bilinmeyen multipl miyelom riski daha çok ilerleyen yaşlarda ortaya çıkıyor. Erkeklerde kadınlardan daha sık görülen multipl miyelom; hedefe yönelik tedaviler, kemoterapi ve kemik iliği nakli ile tedavi edilebiliyor. Memorial Şişli Hastanesi Hematoloji Bölümü’nden Doç. Dr. Şebnem İzmir Güler, multipl miyelom kanseri belirtileri, teşhis ve tedavi yöntemleri hakkında bilgi verdi. Multipl miyelom nedir? Multipl miyelom, vücudun enfeksiyonlarla savaşmasına yardımcı olan kemik iliğinde protein üreten plazma hücrelerini etkileyen bir kanser türüdür. Hastalık genellikle omurga, kafatası, pelvis (leğen kemiği) , göğüs kafesi, omuzlar ve kalçalar çevrelerini tuttuğu için multiple miyelom olarak adlandırılmıştır. Pl ...",Multipl Miyelom nedir? Tedavi yöntemleri nelerdir?,0.7936666011810303,Miyelom Tedavisinde Umut Verici Gelişmeler,0.7850086092948914,Multipl Miyelom nedir? Tedavi yöntemleri nelerdir?,0.7309240698814392,Multipl Miyelom nedir? Tedavi yöntemleri nelerdir?,0.6794398427009583,,
8,positive,Egzama nedir ve en sık görülen belirtileri nelerdir?,0.7763261795043945,0.22367382049560547,doc_0299_parent_001_child_001,doc_0299_parent_001,"Egzama Nedir, Ne İyi Gelir? Egzama Nedenleri ve Belirtileri",https://www.memorial.com.tr/hastaliklar/egzama-nedir-egzama-nasil-gecer,"Egzama, ciltte döküntü, cilt kuruluğu ve kaşıntıya neden olan kalıtsal ve kronik inflamatuar cilt rahatsızlığıdır. En sık görülen türü atopik dermatittir. Dirsek kıvrımları, dizlerin arkası ve bilekler belirtilerin en yaygın görüldüğü yerlerdir. Cilt kuruluğu, çatlama, kabarıklık ve şişlik, ciltte kaşıntı ve pullu deri döküntüsü egzamanın en tipik belirtileridir. Tahriş edici veya alerjenle temas edildiğinde egzama belirtileri daha da şiddetlenebilir. Semptomları iyileştirmeye yardımcı olacak tedaviler mevcuttur ancak egzamanın kesin bir tedavisi yoktur. - Egzama Nedir? - Egzama Neden Olur? - Egzama Çeşitleri Nelerdir? - Egzama Belirtileri Nelerdir? - Egzama Teşhisi Nasıl Yapılır? - Egzama T ...",doc_0299_parent_001,"Egzama Nedir, Ne İyi Gelir? Egzama Nedenleri ve Belirtileri",0.7763261795043945,"Egzama, ciltte döküntü, cilt kuruluğu ve kaşıntıya neden olan kalıtsal ve kronik inflamatuar cilt rahatsızlığıdır. En sık görülen türü atopik dermatittir. Dirsek kıvrımları, dizlerin arkası ve bilekler belirtilerin en yaygın görüldüğü yerlerdir. Cilt kuruluğu, çatlama, kabarıklık ve şişlik, ciltte kaşıntı ve pullu deri döküntüsü egzamanın en tipik belirtileridir. Tahriş edici veya alerjenle temas edildiğinde egzama belirtileri daha da şiddetlenebilir. Semptomları iyileştirmeye yardımcı olacak tedaviler mevcuttur ancak egzamanın kesin bir tedavisi yoktur. - Egzama Nedir? - Egzama Neden Olur? - Egzama Çeşitleri Nelerdir? - Egzama Belirtileri Nelerdir? - Egzama Teşhisi Nasıl Yapılır? - Egzama Tedavisi Nasıl Yapılır? Egzama Nasıl Geçer ve Egzamaya Ne İyi Gelir? - Egzamadan Korunmak İçin Neler Yapılmalıdır? - Egzama Hakkında Sık Sorulan Sorular Egzama Nedir? Egzama, pullu, kızarık görünen, ka ...","Egzama Nedir, Ne İyi Gelir? Egzama Nedenleri ve Belirtileri",0.7763261795043945,"Egzama Nedir, Ne İyi Gelir? Egzama Nedenleri ve Belirtileri",0.6663455963134766,"Egzama Nedir, Ne İyi Gelir? Egzama Nedenleri ve Belirtileri",0.626484215259552,,,,
9,positive,Atel ne işe yarar ve hangi durumlarda kullanılır?,0.7572636008262634,0.24273639917373657,doc_0053_parent_001_child_002,doc_0053_parent_001,Atel Nedir? Atel Neden Kullanılır ve Ne İşe Yarar?,https://www.memorial.com.tr/saglik-rehberi/atel-nedir,"Düzgün yerleştirildiği durumlarda sert bir atel, yaralanan bölgenin hareketsiz kalmasını ve acısının hafiflemesini sağlar. Bunlarla birlikte yaralanan kişinin ihtiyaç duyduğu atel türü, yaranın durumu ve şiddetine bağlı olarak değişecektir. Atel Neden Kullanılır? Atel Ne İşe Yarar? Atel, kırık, incinme ve burkulmalar gibi farklı yaralanma çeşitlerinin tedavisinde ilgili noktanın daha fazla zarar görmemesi veya ağrıyı hafifletmek amacıyla zarar gören noktayı hareketsiz tutmak için kullanılır. Alçıyla birlikte destekleyici olarak da tercih edilen atel, bazen alçıdan önce kullanılmasıyla birlikte bazen de tek başına tercih edilir. Ayrıca yarım alçı olarak da adlandırılan atel, alçılara göre dah ...",doc_0053_parent_001,Atel Nedir? Atel Neden Kullanılır ve Ne İşe Yarar?,0.7572636008262634,"Günlük hayatta insanların yaşadığı kaza sonucu oluşan incinmeler ve kırıklar kişileri zor durumda bırakan olayların başında gelir ve hareket alanını büyük oranda kısıtlar. Meydana gelen kırıklar ve incinmiş dokular için en önemli noktalardan biri hareketsiz kalmalarıdır. Kırıkarın hareketsiz kalması için de uygulanan yöntemlerden biri ateldir. Atel işlemi; alçı ve sargı bezi yardımıyla sabitleme ve hareketsiz kalma yöntemidir. - Atel Nedir? - Atel Neden Kullanılır? Atel Ne İşe Yarar? - Atel Ne Zaman Kullanılır? - Atel Uygulaması Nasıl Yapılır? - Atel Bakımı Nasıl Yapılır? Atel Kullanımı Konusunda Dikkat Edilmesi Gerekenler - Atel Komplikasyonları Nelerdir? - Atel Hakkında Sıkça Sorulan Sorular Atel Nedir? Atel, kırık veya yaralanmış ekstremite veya dokuların korunması veya ağrıyı azaltmak için vücudun bir bölümünü sabitlemek suretiyle hareketsiz hale getirmek için kullanılan destekleyici ...",Atel Nedir? Atel Neden Kullanılır ve Ne İşe Yarar?,0.7572636008262634,Atel Nedir? Atel Neden Kullanılır ve Ne İşe Yarar?,0.659744143486023,Hyaluronik Asit Nedir? Hyaluronik Asit Faydaları Nelerdir?,0.3792394995689392,Antibiyotik Nedir? Antibiyotik Ne İşe Yarar?,0.37226951122283936,Antibiyotik Nedir? Antibiyotik Ne İşe Yarar?,0.37226951122283936
10,positive,Göz seğirmesi neden olur ve nasıl tedavi edilir?,0.8342105150222778,0.16578948497772217,doc_0253_parent_002_child_004,doc_0253_parent_002,Göz Seğirmesi Neden Olur? Sağ ve Sol Göz Seğirmesi,https://www.memorial.com.tr/saglik-rehberi/goz-segirmesi-nedir-goz-segirmesi-nedenleri,"Göz Seğirmesi Nasıl Tedavi Edilir? Göz kapağı spazmları için tedavi genellikle gerekli değildir, zira göz seğirmesi şikayeti genellikle birkaç gün içinde kendiliğinden geçer. Göz seğirmesine yol açan etmenlerin birçoğu kişinin yaşam tarzıyla ilişkilidir. Hafif seyreden göz seğirmesi şikayetinde şunlar uygulanabilir: - Yeterli ve kaliteli bir şekilde uykuya önem verilmeli - Kardiyo yapılmalı - Gevşeme ve germe egzersizleri yapılmalı - Kahve ve çay tüketimi sınırlandırılmalı - Alkol tüketimi azaltılmalı - Gerektiğinde güneş gözlüğü kullanılmalı - Kasları gevşetmek için etkilenen göze ılık kompres uygulanabilir - Düzenli olarak göz damlası kullanılabilir - Uzun süreli bilgisayar, televizyon, te ...",doc_0253_parent_002,Göz Seğirmesi Neden Olur? Sağ ve Sol Göz Seğirmesi,0.8342105150222778,"Sigara kullanımı Özellikle de sol göz merceği ve retina hücrelerini etkileyen sigara, göz seğirmesine de yol açabilir. Magnezyum dengesizliği su kaybından kaynaklanabilir ve göz seğirmesi dahil çeşitli spazmlarına yol açabilir. B12 vitamini veya D vitamini eksikliği de kemikleri ve kasları etkileyebilir ve göz kapağı seğirmesi gibi semptomlara neden olabilir. Göz seğirmesine neden olabilecek beyin ve sinir sistemi bozuklukları şunları içerir: - Bell paralizi - Servikal distoni - Distoni - Multipl Skleroz - Oromandibular distoni ve yüz distonisi - Parkinson hastalığı - Tourette sendromu Göz seğirmesi, özellikle Parkinson hastalığı için kullanılan ilaçların bir yan etkisi olarak da gelişebilir. Ayrıca göz seğirmesi, yüz spazmlarıyla birlikte görülürse kronik bir bozukluğun en erken belirtisi de olabilir. Sol Göz Seğirmesi Neden Olur? Sol göz seğirmesi genellikle göz yorgunluğu, uykusuzluk, ...",Göz Seğirmesi Neden Olur? Sağ ve Sol Göz Seğirmesi,0.8342105150222778,Göz Seğirmesi Neden Olur? Sağ ve Sol Göz Seğirmesi,0.8157470226287842,Göz Seğirmesi Neden Olur? Sağ ve Sol Göz Seğirmesi,0.7478220462799072,,,,
11,positive,Prematüre bebeklerde kronik akciğer hastalığı görülebilir mi?,0.7267703413963318,0.2732296586036682,doc_0194_parent_001_child_001,doc_0194_parent_001,Prematüre Bebeklerin Akciğer Sorunları,https://www.memorial.com.tr/saglik-rehberi/premature-bebeklerin-akciger-sorunlari,Erken doğan bebekler başta akciğer sorunları olmak üzere birçok farklı sağlık sorunu ile karşı karşıya kalırlar. Bebek ne kadar erken doğdu ise bu sorunların sıklığı ve şiddeti o kadar fazladır. Yeni doğan bebeğin “kronik akciğer hastalığı” (Bronkopulmoner displazi- BPD) doğumdan sonra bebeğin oksijen ihtiyacının son adet tarihine göre 36. haftadan sonra devam etmesi olarak tanımlanmaktadır. Memorial Ataşehir Hastanesi Çocuk Göğüs Hastalıkları Bölümü’nden Prof. Dr. Fazilet Karakoç erken doğan bebeklerde yaşanabilen akciğer sorunları hakkında bilgi verdi. Erken doğan bebekler başta akciğer sorunları olmak üzere birçok farklı sağlık sorunu ile karşı karşıya kalırlar. Bebek ne kadar erken doğdu ...,doc_0194_parent_001,Prematüre Bebeklerin Akciğer Sorunları,0.7267703413963318,Erken doğan bebekler başta akciğer sorunları olmak üzere birçok farklı sağlık sorunu ile karşı karşıya kalırlar. Bebek ne kadar erken doğdu ise bu sorunların sıklığı ve şiddeti o kadar fazladır. Yeni doğan bebeğin “kronik akciğer hastalığı” (Bronkopulmoner displazi- BPD) doğumdan sonra bebeğin oksijen ihtiyacının son adet tarihine göre 36. haftadan sonra devam etmesi olarak tanımlanmaktadır. Memorial Ataşehir Hastanesi Çocuk Göğüs Hastalıkları Bölümü’nden Prof. Dr. Fazilet Karakoç erken doğan bebeklerde yaşanabilen akciğer sorunları hakkında bilgi verdi. Erken doğan bebekler başta akciğer sorunları olmak üzere birçok farklı sağlık sorunu ile karşı karşıya kalırlar. Bebek ne kadar erken doğdu ise bu sorunların sıklığı ve şiddeti o kadar fazladır. Yeni doğan bebeğin “kronik akciğer hastalığı” (Bronkopulmoner displazi- BPD) doğumdan sonra bebeğin oksijen ihtiyacının son adet tarihine göre 3 ...,Prematüre Bebeklerin Akciğer Sorunları,0.7267703413963318,Dünyaya Erken Merhaba Diyenler,0.6707907319068909,Gebelik Zehirlenmesi (Preeklampsi) Nedir? Belirtileri ve Nedenleri,0.5709112882614136,Prematüre Bebekler “Kanguru Bakımı” İle Hayata Tutunuyor,0.5524753332138062,Gebelik Zehirlenmesinin Görülebileceği 9 Riskli Grup,0.5472573637962341
12,positive,Kemik erimesi riskini artıran faktörler nelerdir?,0.6655949354171753,0.3344050645828247,doc_0049_parent_001_child_003,doc_0049_parent_001,Kemik Erimesine Karşı Önleminizi Genç Yaşlarda Alın,https://www.memorial.com.tr/saglik-rehberi/kemik-erimesine-karsi-onleminizi-genc-yaslarda-alin,"Bunların yanı sıra kemik erimesini tetikleyen en önemli faktörlerden biri olan düşmelerin önlenmesi için de bir takım önlemler alınması gerekmektedir. Düşmeleri azaltmak için denge, kas güçlendirme ve postür egzersizleri düzenli olarak yapılmalıdır. İleri yaşlarda baston, yürüteç gibi yardımcı eşyalar kullanılmalıdır. Ev ve iş yerlerinde ayağa takılacak kablo ve kordonlar bulunmamalı ve zemin kaymayan bir materyal ile kaplanmalıdır. Merdiven, duş, küvet ve klozet kenarlarına tutamaklar yerleştirilmelidir. Risk faktörlerini bilin ve önleminizi alın Kemik erimesiyle mücadele etmenin ilk basamağı, risk faktörlerinin bilinmesidir. Kişiler risk altında olduklarını bilirlerse kemik erimesini yavaş ...",doc_0049_parent_001,Kemik Erimesine Karşı Önleminizi Genç Yaşlarda Alın,0.6655949354171753,"Kemiklerin sessiz hırsızı olarak tanımlanan osteoporoz 50 yaş üzeri her 3 kadından ve her 5 erkekten birinde görülüyor. Sağlıksız beslenme ve yetersiz fiziksel aktivite nedeniyle görülme sıklığı giderek artan kemik erimesi, kişilerin yaşam kalitelerini ve hatta sağ kalım sürelerini azaltıyor. Yaşam tarzında yapılan küçük değişikliklerle kemik erimesinden korunmak mümkün olabiliyor. Memorial Ankara Hastanesi Fizik Tedavi ve Rehabilitasyon Bölümü Uzmanları, “20 Ekim Dünya Osteoporoz Günü” öncesinde kemik erimesi ve korunma yöntemleri hakkında bilgi verdi. - İlerleyen yaşla birlikte kırıkların oluşma sıklığı artıyor - Belirti vermeden sessizce ilerliyor - Kalsiyum ve D vitamini alımı çok önemli - Risk faktörlerini bilin ve önleminizi alın İlerleyen yaşla birlikte kırıkların oluşma sıklığı artıyor En sık görülen metabolik kemik hastalığı olan osteoporoz, kemik yoğunluğunun ve kalitesinin aza ...",Kemik Erimesine Karşı Önleminizi Genç Yaşlarda Alın,0.6655949354171753,Osteoporoza Karşı,0.6115427017211914,Menopoz Sonrası Sessiz Kırıklara Dikkat,0.5553515553474426,"Cilt (Deri) Kanseri Nedir? Belirtileri, Nedenleri ve Tedavisi",0.5356378555297852,Bel Fıtığında Günlük Yaşam Şekli Büyük Önem Taşıyor,0.5352515578269958
13,positive,Balık tüketmenin sağlığa faydaları nelerdir?,0.7517094612121582,0.2482905387878418,doc_0467_parent_001_child_001,doc_0467_parent_001,Balık yemenin faydaları nelerdir?,https://www.memorial.com.tr/saglik-rehberi/balik-yemenin-faydalari-nelerdir,"Çocukların ve yetişkinlerin düzenli olarak tüketmesi gereken balık, bağışıklık sistemini koruyor, çocukların zeka gelişimine katkı sağlıyor, kemikleri güçlendiriyor, hücreleri onarıyor ve depresyonun zararlı etkilerini yok ediyor. Sofların vazgeçilmez besini olan balığın faydaları türüne göre değişkenlik gösteriyor. Çok çabuk bozulabilen balığı tüketirken, bazı kurallara uymak gerekiyor. Memorial Kayseri Hastanesi Beslenme ve Diyet Bölümü’nden Dyt. Merve Sır, balığın faydaları hakkında bilgi verdi. - Balık nasıl bir besin kaynağıdır? - Balık yemenin faydaları nelerdir? Balıkta hangi besin değerleri var? - Balık nasıl tüketilmeli? - Balık ne zaman tüketilmeli? - Balık yağı yararlı mı? - Balık ...",doc_0467_parent_001,Balık yemenin faydaları nelerdir?,0.7517094612121582,"Çocukların ve yetişkinlerin düzenli olarak tüketmesi gereken balık, bağışıklık sistemini koruyor, çocukların zeka gelişimine katkı sağlıyor, kemikleri güçlendiriyor, hücreleri onarıyor ve depresyonun zararlı etkilerini yok ediyor. Sofların vazgeçilmez besini olan balığın faydaları türüne göre değişkenlik gösteriyor. Çok çabuk bozulabilen balığı tüketirken, bazı kurallara uymak gerekiyor. Memorial Kayseri Hastanesi Beslenme ve Diyet Bölümü’nden Dyt. Merve Sır, balığın faydaları hakkında bilgi verdi. - Balık nasıl bir besin kaynağıdır? - Balık yemenin faydaları nelerdir? Balıkta hangi besin değerleri var? - Balık nasıl tüketilmeli? - Balık ne zaman tüketilmeli? - Balık yağı yararlı mı? - Balık yağını kimler tüketmeli? - Balığı gebeler tüketmeli mi? - Balığı çocuklar tüketmeli mi? Balık nasıl bir besin kaynağıdır? Mükemmel bir protein kaynağı olan balığın besin değerleri, türüne göre değişm ...",Balık yemenin faydaları nelerdir?,0.7517094612121582,Balık yemenin faydaları nelerdir?,0.6839568614959717,Balık yemenin faydaları nelerdir?,0.6572071313858032,Sebebi Belirlenemeyen Kısırlıkta Beslenmeye Dikkat,0.6210565567016602,Kalp sağlığını korumak için 7 beslenme önerisi,0.5880473852157593
14,positive,Emilim bozukluğu nedir ve hangi belirtilere yol açabilir?,0.7815167307853699,0.21848326921463013,doc_0367_parent_002_child_004,doc_0367_parent_002,Emilim Bozukluğu Nedir? Belirtileri Nelerdir?,https://www.memorial.com.tr/hastaliklar/emilim-bozuklugu-nedir-belirtileri-nelerdir,"Emilim bozukluğuna ne iyi gelir? Emilim bozukluğunun nedeni belirlendikten sonra bağırsak dostu besinler tüketmek iyi gelecektir. Emilim bozukluğu tehlikeli mi? Emilim bozukluğu sonucunda vücutta demir, folik asit, vitamin B12 ile diğer vitamin ve minerallerin eksilmesi zamanla birçok soruna ve hastalığa neden olacaktır. Emilim bozukluğu tedavi edilmezse genel sağlık durumu bozulacağı için bu sorun son derece tehlikelidir.",doc_0367_parent_002,Emilim Bozukluğu Nedir? Belirtileri Nelerdir?,0.7815167307853699,"Emilim bozukluğu (malabsorbsiyon) hakkında sık sorulan sorular Emilim bozukluğunun çeşitleri var mı? Çölyak hastalığı ve inflamatuar bağırsak hastalığı gibi bazı gastrointestinal hastalıklar, besin tipi fark etmeksizin tüm besinlerin emilim bozukluğuna neden olmaktadır. Ayrıca belirli besin türleri bazı insanların bağırsaklarında emilemeyerek soruna neden olabilmektedir. Karbonhidrat malabsorbsiyonu: Bazı insanların sindirim sistemi bazı karbonhidratlara (şeker gibi) duyarlı olabilmektedir. Bu durumun sonucunda hastalarda gazın neden olduğu ağrı ve şişkinlik ortaya çıkar. İnce bağırsakta tam olarak emilemeyen karbonhidratlar, kolonda bakteriler tarafından fermente edilir. Bakteriler onları gazlara ve kısa zincirli yağ asitlerine ayırır. Kısa zincirli yağ asitleri ise yağlı dışkıya neden olmaktadır. Karbonhidrat malabsorbsiyonu: Yağ emilim bozukluğu: İnce bağırsakta emilmeyen yağlar kalın ...",Emilim Bozukluğu Nedir? Belirtileri Nelerdir?,0.7815167307853699,Emilim Bozukluğu Nedir? Belirtileri Nelerdir?,0.6960683465003967,Demiyelinizan Hastalıklar Nedir? Belirtileri ve Tedavisi,0.5382798314094543,Sanrı Nedir? Sanrısal Bozukluk Neden Olur?,0.530068576335907,,
15,positive,Alerji nedir ve alerjik belirtiler nelerdir?,0.6742144823074341,0.3257855176925659,doc_0325_parent_001_child_002,doc_0325_parent_001,Alerji,https://www.memorial.com.tr/saglik-rehberi/alerji,"Allerji vücudun gösterdiği normal tepkinin aşırı olması şeklinde tanımlanabilir.Genetik yapı hastalığın görülmesinde en önemli faktördür. Allerjik hastalıkların artış nedenleri: - Hava kirliliğindeki artış - Ozon tabakasındaki delinme sonucu ultraviyole ışınlarına maruz kalma - Sigara içilmesi - Besinlerdeki katkı maddeleri - Ani hava değişiklikleri - Kullanılan ilaçlar ve kozmetik ürünler - Stres - Bitki örtüsünün azalması - Az güneş gören, boydan boya halı kaplı, iyi havalanmayan binalar Allerjik Belirtiler Nelerdir? Allerji belirtileri çok çeşitli olup tutulan hedef organa bağlı olarak gelişir. Burun tıkanıklığı, sabahları hapşırık krizleri, burun akıntısı, gözlerde yanma –batma, geniz ak ...",doc_0325_parent_001,Alerji,0.6742144823074341,"Son yıllarda artış gösteren hastallıklardan biri de allerji... Çağımızın hastalığı... Medeniyet arttıkça, toplumlar hijyene önem vermeye başladıkça allerjik vakalar da artmaya başlıyor. Dünyada en sık rastlanan hastalıklar arasında 6. sıraya yükselen allerjinin türleri de gün geçtikçe artıyor. Globalleşmenin doğal bir sonucu olarak toplumlar arasında karşılıklı alışveriş artmasıyla allerjiye zemin hazırlandı. Enfeksiyon hastalıklarında azalma oldukça bir diğer deyişle mikroplardan arındıkça alerjik hastalıkların görülme oranı artmaktadır. Az gelişmiş ülkelerde allerjik hastalıklar daha az görülmektedir.Allerji yaşamın herhangi bir döneminde ortaya çıkabilir. Allerjinin oluşmasını önlemek için bebeklikten itibaren bazı tedbirler almak gerekiyor. Memorial Hastanesi Çocuk Hastalıkları Merkezi’nden Pediatri bölümü doktorları ‘Allerji nedir ve Allerji’den korunma yöntemleri nasıl olmalıdır?’ ...",Alerji,0.6742144823074341,Alerjik Hastalıklar İklim Değişikliği İle Yaygınlaşıyor,0.6311932802200317,Çocuğunuzu Bahar Alerjilerinden Uzak Tutun,0.6219700574874878,Gıda İntoleransı Testi Nedir? Gıda İntoleransı Belirtileri Nelerdir?,0.5937539339065552,Pnömokok Hastalıklarından Aşı İle Korunmak Mümkün,0.5838078856468201
16,positive,İç kanamanın belirtileri nelerdir?,0.8247107863426208,0.17528921365737915,doc_0375_parent_001_child_001,doc_0375_parent_001,İç Kanama Nedir? İç Kanama Belirtileri Nelerdir?,https://www.memorial.com.tr/saglik-rehberi/ic-kanama-belirtileri,"İç kanama, kan damarlarının travma ve inflamatuar hastalıkların neden olduğu hasar sonucu vücudun içinde oluşan kanamalardır. Tansiyon düşmesi, baş dönmesi, bilinç kaybı, karında şişkinlik, nefes darlığı, ciltte solgunlaşma, kusmuk veya dışkıda kan, kanamanın kaynağı olan yerde şiddetli ağrı ve terleme gibi belirtilere neden olur. İç kanamada görülen bu belirtiler kanamanın yeri ve boyutuna göre daha şiddetli olabilir ve farklılık gösterebilir. İç kanamanın en tehlikeli olanı beyinde oluşandır ve felce neden olabilmektedir. İç Kanama Nedir? İç kanama, kan damarlarının hasar görmesiyle birlikte oluşan kanamanın kanamanın olduğu yerde vücut içinde toplanması ile meydana gelen ciddi bir durumdu ...",doc_0375_parent_001,İç Kanama Nedir? İç Kanama Belirtileri Nelerdir?,0.8247107863426208,"İç kanama, kan damarlarının travma ve inflamatuar hastalıkların neden olduğu hasar sonucu vücudun içinde oluşan kanamalardır. Tansiyon düşmesi, baş dönmesi, bilinç kaybı, karında şişkinlik, nefes darlığı, ciltte solgunlaşma, kusmuk veya dışkıda kan, kanamanın kaynağı olan yerde şiddetli ağrı ve terleme gibi belirtilere neden olur. İç kanamada görülen bu belirtiler kanamanın yeri ve boyutuna göre daha şiddetli olabilir ve farklılık gösterebilir. İç kanamanın en tehlikeli olanı beyinde oluşandır ve felce neden olabilmektedir. İç Kanama Nedir? İç kanama, kan damarlarının hasar görmesiyle birlikte oluşan kanamanın kanamanın olduğu yerde vücut içinde toplanması ile meydana gelen ciddi bir durumdur. Deri yüzeyine yakın bir noktada yaşanıyorsa o bölgede, kırmızı benek ya da hafif morarmalar şeklinde kendini gösterebilir. İç Kanama Türleri Görünür iç kanamanın en yaygın türü, hasarlı kan damarla ...",İç Kanama Nedir? İç Kanama Belirtileri Nelerdir?,0.8247107863426208,İç Kanama Nedir? İç Kanama Belirtileri Nelerdir?,0.7945406436920166,İç Kanama Nedir? İç Kanama Belirtileri Nelerdir?,0.7782195806503296,Hemofili Hastalarına 7 Önemli Öneri,0.5998786687850952,,
17,positive,Antibiyotikler ne işe yarar?,0.795127272605896,0.204872727394104,doc_0192_parent_001_child_003,doc_0192_parent_001,Antibiyotik Nedir? Antibiyotik Ne İşe Yarar?,https://www.memorial.com.tr/saglik-rehberi/antibiyotikler-doktor-kontrolunde-kullanilmali,"Antibiyotik Ne İşe Yarar? Antibiyotik, bakterilerin çoğalmasını durdurmak veya öldürmek içn bakterilerin hücre duvarları veya DNA'ları gibi hayatta kalmak için ihtiyaç duydukları parçalara saldıran ve bakteriyel enfeksiyonları tedavi eden en önemli antibakteriyel madde türüdür. Antibiyotikler bakterilerin çoğalmak için ihtiyaç duydukları belirli proteinleri üretmelerini önler ve büyümelerinin önüne geçerek bakteriyel enfeksiyonları tedavi eder. Antibiyotiklerin kullanıldığı alanların başında idrar yolu enfeksiyonları, bakteriyel pnömoni , lyme hastalığı ve bakteriyel enfeksiyona bağlı sepsis gelir. Bunlar bakteri kaynaklı enfeksiyonlardır ve tedavi sürecinde antibiyotik tercih edilir. Antibi ...",doc_0192_parent_001,Antibiyotik Nedir? Antibiyotik Ne İşe Yarar?,0.795127272605896,"Antibiyotikler, bakterileri öldüren ya da bakterilerin üremesini veya büyümesini durduran antimikrobiyal ilaç grubudur. Antibiyotikler, hastalık sürecinde bakterilerdeki hayati süreçleri bloke edip, öldürürek veya yayılmasını durdurarak vücudun doğal bağışıklık sisteminin enfeksiyonla savaşmasına yardım eder. Antibiyotik Nedir? Antibiyotikler, bakteriyel enfeksiyonlarla savaşarak, bakteriyel enfeksiyonları ve bunlara bağlı gelişen hastalıkları tedavi eden antimikrobiyal ilaç grubudur. Antibiyotikler bakterileri öldürür veya çoğalmalarını durdururlar. Özellikle bakterilerin çoğalmak için ihtiyaç duydukları proteinleri üretmelerini engellemeleri antibiyotiğin ne işe yaradığının cevabıdır. Antibiyotikler boğaz ağrısı ve idrar yolu enfeksiyonları başta olmak üzere enfeksiyona bağlı birçok hastalıkta devreye girer. Ancak antibiyotikler yalnızca bakterilerin neden olduğu enfeksiyonların önlenm ...",Antibiyotik Nedir? Antibiyotik Ne İşe Yarar?,0.795127272605896,Antibiyotik Nedir? Antibiyotik Ne İşe Yarar?,0.795127272605896,Antibiyotik Nedir? Antibiyotik Ne İşe Yarar?,0.6815761923789978,Antibiyotik Nedir? Antibiyotik Ne İşe Yarar?,0.6815761923789978,,
18,positive,Kolera nasıl bulaşır ve belirtileri nelerdir?,0.8337615728378296,0.1662384271621704,doc_0301_parent_001_child_003,doc_0301_parent_001,"Kolera Nedir? Kolera Belirtileri Nelerdir, Nasıl Bulaşır?",https://www.memorial.com.tr/hastaliklar/kolera-nedir-nasil-bulasir,"Bu kayıpların şiddetli olduğu kolera vakalarının ölümle sonuçlanması da söz konusudur. Kişi, vibrio cholerae bakterisi içeren yiyecek veya su tükettiğinde bu bakteriler vücudun içinde büyür. Bu bakteriler daha sonra ince bağırsakların sıvı salgılamasını (sızdırmasını) sağlar ve bu da aşırı sulu olacak şekilde ishale yol açar. Kolera genellikle kişiden kişiye doğrudan yayılmaz ancak dışkı yoluyla besinleri kontamine edebilir. Bu nedenle hastalığın yayılmasını önlemek için ellerin yıkanması ve hijyene önem verilmesi gerekir. Kolera Hastalığı Nasıl Bulaşır? Kolera bakterisi dışkı yoluyla bulaşır. Hastalıkla enfekte olmuş kişinin dışkısı ile kontamine olmuş yiyecek veya suyun tüketilmesi ile has ...",doc_0301_parent_001,"Kolera Nedir? Kolera Belirtileri Nelerdir, Nasıl Bulaşır?",0.8337615728378296,"Kolera hastalığı, vibrio cholerae adlı toksijenik bir bakterinin neden olduğu bakteriyel ince bağırsak hastalığıdır. Kolera genellikle kirli su ve kişisel hijyenin yetersiz olduğu yerlerde, bakterinin içecek ve yiyeceklere bulaşması ile yayılır. Hızlı bir şekilde yayılan ve ciddi bir hastalık olan kolera, hastalarda şiddetli ishal ve dehidrasyona neden olarak ölüme sebebiyet verebilir. Kolera Hastalığı Nedir? Kolera, vibrio cholerae bakterisiyle kontamine olmuş yiyecek veya suyun tüketilmesiyle oluşan akut bir ishal enfeksiyonudur. Kolera hastalığı ile birlikte şiddetli ishal ve susuzluk meydana gelir. Kolera hastalığına uygun su kaynakları ve kanalizasyonun bulunmadığı az gelişmiş ülkelerde daha sık rastlanır. Modern kanalizasyon ve su arıtma altyapısına sahip, sanayileşmiş ülkelerde kolera hastalığı hemen hemen ortadan kalkmış olsa da Afrika, Güneydoğu Asya ve Haiti gibi daha az gelişm ...","Kolera Nedir? Kolera Belirtileri Nelerdir, Nasıl Bulaşır?",0.8337615728378296,"Kolera Nedir? Kolera Belirtileri Nelerdir, Nasıl Bulaşır?",0.7459734678268433,"Kolit ve Ülseratif Kolit Nedir? Nedenleri, Belirtileri ve Tedavisi",0.6928666830062866,"Kolera Nedir? Kolera Belirtileri Nelerdir, Nasıl Bulaşır?",0.6783180236816406,,
19,positive,Depresyonun belirtileri nelerdir?,0.8384361267089844,0.16156387329101562,doc_0022_parent_001_child_002,doc_0022_parent_001,Depresyon Nedir? Depresyon Belirtileri Nelerdir?,https://www.memorial.com.tr/saglik-rehberi/depresyon-nedir,"Depresyonda olan kişilerde uyku ve iştah sorunları yanı sıra düşünme ve hafıza sorunları da yaşanır. Karamsarlık, mutsuzluk, suçluluk duyma gibi belirtilerle ortaya çıkan depresyon bozukluğunun türleri bulunur. Klinik depresyon ya da majör depresif bozukluk genellikle sadece depresyon olarak adlandırılır. İlgi duyduğu konulara karşı ilgi kaybı, ruh halinin en az 2 haftanın önemli bir bölümünde düşük olması, mutsuz hissetmek, değersizlik ve kendinden nefret etme, intihar eğilimi, enerji eksikliği, uyku ve iştahta değişiklikler depresyonun belirtileridir. Depresyon tedavi edilmezse depresyon daha da kötüleşerek uzun sürebilir. Ağır vakalarda, kendine zarar verme ya da intihar yoluyla ölümle so ...",doc_0022_parent_001,Depresyon Nedir? Depresyon Belirtileri Nelerdir?,0.8384361267089844,"Depresyon, kişide üzüntü hissi yaratarak, düşünme, ilgi duyma, uyuma, yeme-içme gibi davranış şekline etki eden zihinsel ve psikolojik bir rahatsızlıktır. Bir kişinin depresyona girme nedeni yaygın olarak bir yakının vefatı, ilişkinin sonlanması, hastalık, iş ve para kaygısı gibi üzen ve stres yaratan sebeplere dayanır. Dünyada yaklaşık 280 milyon kişinin depresyona yakalandığı düşünülmektedir. Kadınlarda bu oran erkeklere göre yaklaşık %50 daha fazladır. Kendisini değersiz veya umutsuz hissetmek, sürekli mutsuz ve üzgün bir ruh halinde olmak,herhangi bir şeyin ilgi çekmemeye başlaması depresyonun en yaygın belirtileridir. - Depresyon Nedir? - Depresyon Belirtileri Nelerdir? - Depresyon Neden Olur? - Depresyon Türleri Nelerdir? - Depresyon Kimleri Etkiler? - Depresyon Nasıl Geçer? Depresyon Tedavisi - Depresyona Ne İyi Gelir? - Depresyon Hakkında Sık Sorulan Sorular Depresyon Nedir? Depr ...",Depresyon Nedir? Depresyon Belirtileri Nelerdir?,0.8384361267089844,Depresyon Nedir? Depresyon Belirtileri Nelerdir?,0.7398653626441956,Kronik yorgunluk sendromu nedir? Belirtileri ve tedavisi nedir?,0.6684087514877319,Tükenmişlik Sendromu Nedir? Tükenmişlik Belirtileri ve Tedavisi,0.6462101936340332,,
20,positive,Zahter nedir ve ne amaçla kullanılır?,0.6619257926940918,0.3380742073059082,doc_0438_parent_001_child_001,doc_0438_parent_001,Zahter Nedir? Zahter Faydaları Nelerdir?,https://www.memorial.com.tr/saglik-rehberi/zahterin-faydalari-nelerdir,"'Zaatar' olarak bilinen 'Zahter' bitkisinin kurutulmuş formu bitki çayı ve baharat çeşidi olarak kullanımı oldukça yaygındır. Geleneksel tıpta birçok biyolojik etkilerinden dolayı sıkça tercih edilmektedir. Kekik türevi olarak adlandırılan bitkinin içerdiği uçucu yağlar nedeniyle gıda aroması, soslar, likör, parfümeri sektöründe de hammadde üretimi dikkat çeker. - Zahter Nedir? - Zahter Ne İşe Yarar? - Zahter Neye İyi Gelir? - Zahterin Faydaları Nelerdir? - Zahter Nasıl Kullanılır? - Zahterin Yan Etkisi Var mıdır? Zararları Nelerdir? - Zahter Hakkında Sıkça Sorulan Sorular Zahter Nedir? Zahter, ballıbabagiller (Lamiaceae) familyasının Tymbra spicata türüne ait olan, Filistin ve Cezayir başta ...",doc_0438_parent_001,Zahter Nedir? Zahter Faydaları Nelerdir?,0.6619257926940918,"'Zaatar' olarak bilinen 'Zahter' bitkisinin kurutulmuş formu bitki çayı ve baharat çeşidi olarak kullanımı oldukça yaygındır. Geleneksel tıpta birçok biyolojik etkilerinden dolayı sıkça tercih edilmektedir. Kekik türevi olarak adlandırılan bitkinin içerdiği uçucu yağlar nedeniyle gıda aroması, soslar, likör, parfümeri sektöründe de hammadde üretimi dikkat çeker. - Zahter Nedir? - Zahter Ne İşe Yarar? - Zahter Neye İyi Gelir? - Zahterin Faydaları Nelerdir? - Zahter Nasıl Kullanılır? - Zahterin Yan Etkisi Var mıdır? Zararları Nelerdir? - Zahter Hakkında Sıkça Sorulan Sorular Zahter Nedir? Zahter, ballıbabagiller (Lamiaceae) familyasının Tymbra spicata türüne ait olan, Filistin ve Cezayir başta olmak üzere orta doğuda yetiştirilen halk arasında kara kekik olarak ifade edilen şifalı bir bitkidir. Yörelere göre zatar, zater, zağter, güyegi otu, sahter, sağter, sa'ter ve karabaş kekik olarak d ...",Zahter Nedir? Zahter Faydaları Nelerdir?,0.6619257926940918,Zahter Nedir? Zahter Faydaları Nelerdir?,0.44201743602752686,"Kemoterapi Nedir? Nasıl Uygulanır, Kemoterapi Yan Etkileri Nelerdir?",0.41689741611480713,Atel Nedir? Atel Neden Kullanılır ve Ne İşe Yarar?,0.39563220739364624,,
21,negative,Toyota Corolla'nın motor hacmi kaç cc?,0.33167922496795654,0.6683207750320435,doc_0021_parent_001_child_002,doc_0021_parent_001,CTO (Kronik Total Oklüzyon) tedavisi nasıl yapılır?,https://www.memorial.com.tr/tedavi-yontemleri/cto-kronik-total-okluzyon-tedavisi-nasil-yapilir,"CTO (Kronik Total Oklüzyon) tedavisi hangi hastalıklarda kullanılır? Kalbe giden ana damarlardaki tıkanıklık, ‘ koroner arter ’ hastalığıdır ve bu durumun geliştiği hastalarda; yol yürürken, merdiven çıkarken ve hatta ilerleyen formlarda günlük aktiviteler sırasında göğüs ağrısı, nefes darlığı, erken yorulma ve çarpıntı şeklinde şikayetler görülebilmektedir. Ana damarların tıkanması durumunda kalbe kan akışı, “kollateral” adı verilen doğal ince damarlar ile sağlanmaktadır. Ancak kalbin yeterince beslenemediği bu tablonun uzun süre devam etmesi ve gerekli tedavinin sağlanmaması, geri dönüşü olmayan kalp yetersizlikleri ile sonuçlanabilmektedir. CTO (Kronik Total Oklüzyon) tedavisi nasıl yapıl ...",doc_0021_parent_001,CTO (Kronik Total Oklüzyon) tedavisi nasıl yapılır?,0.33167922496795654,"Hayati riske neden olan tam tıkalı kalp damarları, ameliyatsız yöntemlerle de açılabiliyor. Hasta için son derece konforlu olan Kronik Total Oklüzyon/ CTO tedavisi ile kısa sürede iyileşme sağlanabiliyor. Memorial Bahçelievler Hastanesi Kardiyoloji Bölümü’nden Prof. Dr. Ömer Göktekin CTO tedavisi ile ilgili bilgi verdi. Kronik Total Oklüzyon/ CTO tedavisi nedir? Koroner damarın en az 3 aylık bir süre içinde tam tıkalı olması ve tıkalı olan damardan hiç kan akışı bulunmaması durumuna “kronik total oklüzyon (CTO)” adı verilmektedir. Bu çok kireçli, sert, taşlaşmış, ağır damar sertliği plaklarına sahip damarlar bu işlem için geliştirilmiş özel sert teller, balonlar ve stentler ile kısa sürede anjiyo benzeri bir işlemle hasta uyutulmadan ve kasıktan bir iğne ile girilerek açılmaktadır. CTO (Kronik Total Oklüzyon) tedavisi hangi hastalıklarda kullanılır? Kalbe giden ana damarlardaki tıkanıklı ...",CTO (Kronik Total Oklüzyon) tedavisi nasıl yapılır?,0.33167922496795654,"Kolera Nedir? Kolera Belirtileri Nelerdir, Nasıl Bulaşır?",0.3189336657524109,"Kolera Nedir? Kolera Belirtileri Nelerdir, Nasıl Bulaşır?",0.301858127117157,"Kolera Nedir? Kolera Belirtileri Nelerdir, Nasıl Bulaşır?",0.29483288526535034,,
22,negative,Python'da bir liste nasıl sıralanır?,0.32580292224884033,0.6741970777511597,doc_0353_parent_002_child_003,doc_0353_parent_002,Kan Grupları Nelerdir? Kan Grupları Neyi İfade Eder?,https://www.memorial.com.tr/saglik-rehberi/kan-gruplari,"Kan gruplarına göre beslenme düzeni şu şekilde belirlenebilir: A kan grubu beslenme düzeni: A kan grubuna sahip kişilerin bitkisel ve tahıl içeren gıdaları tüketmesi önerilir. Bunların içinde sebzeler, meyveler, tam tahıllar, baklagiller ve soya ürünleri gibi bitkisel kaynaklar yer alır. A kan grubu beslenme düzeni: AB grubundaki beslenme ise hem bitkisel hem de hayvansal kaynaklıdır. Protein kaynakları olarak tavuk, hindi, sığır eti, balık, süt ürünleri ve soya ürünleri önemli bir yer tutar. Bunlarla birlikte sebzeler, meyveler, tam tahıllar, baklagiller, sağlıklı yağlar, buğday, mısır ve yulaf ürünleri de tüketilebilir. AB kan grubu beslenme düzeni: B kan grubu diyet listesi karma bir yapı ...",doc_0353_parent_002,Kan Grupları Nelerdir? Kan Grupları Neyi İfade Eder?,0.32580292224884033,"0 Rh negatif kan grubu antijen belirteçleri ve Rh faktörünü içermeyen kan grubudur. Ancak evrensel olarak bağışçı kabul edilir. Bu durum, başka bir kan grubuna sahip bir kişinin kanını güvenle alabileceği anlamına gelir. Diğer yanda O Rh negatif, kan grubunun bilinmediği durumlarda transfüzyon için kullanılan en yaygın kan grubu olarak da değerlendirilir. Bu nedenle travma, acil durum, ameliyat ve kan grubunun bilinmediği her durumda yaygın olarak kullanılır. 0 Rh negatif (-) kan grubu özellikleri şunlardır: 0 Rh negatif (-) kan grubu özellikleri şunlardır: - 0 rh negatif kan grubu antijen belirteçleri ve Rh faktörü içermez - Evrensel olarak bağışçı bir kan grubudur - Başka birinin kanını güvenle alabilir - Travma, acil durumlar ve ameliyatlarda yaygın olarak ihtiyaç duyulur AB0 Kan Sınıflaması Nedir? A kan grubu kırmızı kan hücrelerinde A antijenleri, plazmada ise anti-B antikorlarına s ...",Kan Grupları Nelerdir? Kan Grupları Neyi İfade Eder?,0.32580292224884033,Tansiyonu Ne Düşürür? Tansiyon Nasıl Düşürülür?,0.2912783622741699,Nasıl Kilo Alınır? Sağlıklı Bir Şekilde Kilo Almanın Yolları Nelerdir?,0.2837525010108948,Diz Kireçlenmesi Nedir? Kireçlenmeye Ne İyi Gelir?,0.2785613536834717,Fazla Kilolar ve Hareketsizlik Diyabet Nedeni,0.2776385545730591
23,negative,İstanbul'dan Ankara'ya hızlı tren kaç saat sürer?,0.37155425548553467,0.6284457445144653,doc_0375_parent_001_child_004,doc_0375_parent_001,İç Kanama Nedir? İç Kanama Belirtileri Nelerdir?,https://www.memorial.com.tr/saglik-rehberi/ic-kanama-belirtileri,"Travma türleri de şu şekilde açıklanabilir: Penetran travma: Mermi, bıçak, kırık cam ya da kesici alet gibi cisimlerin vücuda girmesinden kaynaklana travma türüdür. Penetran travma: Künt travma: Trafik kazası, darbe, saldırı ya da spor sırasında ortaya çıkan ilk etapte belirgin semptomları bulunan travma türüdür. Daha çok yaşlılarda düşme sonrasında bu tür travma rastlanabilir. Künt travma: Yavaşlama yaralanmaları: Özellikle araba kazalarında hızlı giden aracın aniden durmasından kaynaklanır. Ani duruş olduğunda organlarda ve damarlarda yırtılma meydana gelerek iç kanamaya sebep olur. Yavaşlama yaralanmaları: Kırıklar: Kırık sonucunda kemik parçaları kan damarlarını yırtarak iç kanamaya sebe ...",doc_0375_parent_001,İç Kanama Nedir? İç Kanama Belirtileri Nelerdir?,0.37155425548553467,"İç kanama, kan damarlarının travma ve inflamatuar hastalıkların neden olduğu hasar sonucu vücudun içinde oluşan kanamalardır. Tansiyon düşmesi, baş dönmesi, bilinç kaybı, karında şişkinlik, nefes darlığı, ciltte solgunlaşma, kusmuk veya dışkıda kan, kanamanın kaynağı olan yerde şiddetli ağrı ve terleme gibi belirtilere neden olur. İç kanamada görülen bu belirtiler kanamanın yeri ve boyutuna göre daha şiddetli olabilir ve farklılık gösterebilir. İç kanamanın en tehlikeli olanı beyinde oluşandır ve felce neden olabilmektedir. İç Kanama Nedir? İç kanama, kan damarlarının hasar görmesiyle birlikte oluşan kanamanın kanamanın olduğu yerde vücut içinde toplanması ile meydana gelen ciddi bir durumdur. Deri yüzeyine yakın bir noktada yaşanıyorsa o bölgede, kırmızı benek ya da hafif morarmalar şeklinde kendini gösterebilir. İç Kanama Türleri Görünür iç kanamanın en yaygın türü, hasarlı kan damarla ...",İç Kanama Nedir? İç Kanama Belirtileri Nelerdir?,0.37155425548553467,Antibiyotik Nedir? Antibiyotik Ne İşe Yarar?,0.34699738025665283,Antibiyotik Nedir? Antibiyotik Ne İşe Yarar?,0.34699738025665283,Çocuklarda Demir Eksikliği Kalp Yetmezliğine Yol Açabilir,0.3400841951370239,2 Yaş Altı Bebeklerde Süt Alerjisine Dikkat!,0.32686305046081543
24,negative,Fransa'nın başkenti neresidir?,0.2623615264892578,0.7376384735107422,doc_0144_parent_001_child_002,doc_0144_parent_001,EGFR (GFR) Nedir? EGFR Düşüklüğü ve Yüksekliği Ne Anlama Gelir?,https://www.memorial.com.tr/tani-ve-testler/gfr-nedir-gfr-testi-neden-yapilir,"EGFR Değeri Kaç Olmalı? Sağlıklı kişilerde eGFR referans değer aralığı 90 ya da daha üstü olarak böbrek fonksiyonlarını yansıtır. EGFR yaş, cinsiyet ve vücut kitlesi ile değişebilir, ayrıca gebelik, bazı ilaçlar, beslenme biçimi de GFR’yi etkiler. EGFR gün içi değişken bir ritme sahiptir, öğleden sonraya kıyasla gece yarısı %10 daha düşüktür. Böbrek fonksiyonun bir ölçüsü olan veya böbrek hasarının varlığını belirleyen GFR sayesinde böbrek rahatsızlıklarının tanısı konmakta ve tedavi seçenekleri sunulmaktadır. Tedavi seçenekleri ve süresi ise hastalığın ya da hasarın derecesine göre belirlenir. GFR değerinin aralıları böbrek hasarı ve derecesi hakkında bilgi vermektedir. GFD Tanım GFD ml/dak ...",doc_0144_parent_001,EGFR (GFR) Nedir? EGFR Düşüklüğü ve Yüksekliği Ne Anlama Gelir?,0.2623615264892578,"EGFR, böbrek fonksiyonunun ölçütlerinden biri olup, böbrekler tarafından filtre edilen sıvıların böbrek boyunca akış hızını veren tahmini glomerüler filtrasyon hızı. Kandaki kreatin miktarından yararlanılarak, böbrek fonksiyon düzeyi yani böbreklerin ne kadar iyi çalıştığı anlaşılabilir. Böbreklerde fonksiyonel bir bozukluk varsa böbrek hastalığının evresini anlamayı da sağlar. Değerler yaş, vücut ölçüleri ve cinsiyete göre farklılık gösterebilir. EGFR testinin düşük değerde olması durumunda diyaliz veya böbrek nakli gerektiren böbrek yetmezliğini işaret eder. eGFR Nedir? Estimate Glomerular Filtration Rate ifadelrinin kısaltması olan GFR, kreatinin seviyesine göre böbreğin atıkları filtreleme yeteneğinin yani böbreklerin ne kadar iyi çalıştığını kontrol eden kan testidir. Bu test ile böbreklerin bir dakikada ne kadar kan temizlendiği ölçülür. EGFR testi sonucunda elde edilen filtreleme ...",EGFR (GFR) Nedir? EGFR Düşüklüğü ve Yüksekliği Ne Anlama Gelir?,0.2623615264892578,PFAPA Sendromu Nedir? PFAPA Sendromu Tedavisi,0.24577218294143677,"Vertigo Nedir? Vertigo Belirtileri, Nedenleri ve Tedavisi",0.2446058988571167,"Hidrosefali Nedir? Hidrosefali Belirtileri, Nedenleri ve Tedavisi",0.2330683469772339,Boyun Kaynaklı Baş Ağrısında Tedavi Yöntemleri,0.2256709337234497
25,negative,Bir üçgenin alanı nasıl hesaplanır?,0.3341590166091919,0.6658409833908081,doc_0065_parent_002_child_004,doc_0065_parent_002,Hamilelik Belirtileri Nelerdir? Gebelikte İlk Belirtiler,https://www.memorial.com.tr/saglik-rehberi/gebelere-yaz-tatili-onerileri,"Her trimesterde bebek belirli gelişimsel dönüm noktalarına ulaşır. İlk üç aylık dönem: 1-12 hafta, ikinci üç aylık dönem: 13-28 hafta ve üçüncü üç aylık dönem: 29–40 haftalara denk gelir. 1. Trimester (İlk 12 Hafta) 1. Trimester (İlk 12 Hafta) Spermin yumurtaya girmesiyle başlayan hamileliğin 1. trimesterinde zigot yani döllenmiş yumurta anne adayının fallop tüpünden geçerek rahme gider ve burada kendisini rahim duvarına yerleştirir. Zigot, daha sonra fetüsü ve plasentayı oluşturacak bir hücre kümesinden oluşur. Plasenta anneyi fetüse bağlar ve fetüse besin ve oksijen sağlar. İlk 12 hafta içerisinde bebeğin önemli organları gelişmeye başlamış olur ve bu da anne adayında bazı değişikliklerin ...",doc_0065_parent_002,Hamilelik Belirtileri Nelerdir? Gebelikte İlk Belirtiler,0.3341590166091919,"Memelerde şişkinlik, hassasiyet ve meme uçlarında koyulaşma Hamileliğin erken döneminde başlayan hormonal değişiklikler göğüsleri daha hassas, şiş, dolgun ve ağrılı hale getirir. Meme ucu çevresi ve meme ucu koyulaşır, meme üzerindeki damarlar belirginleşir. Vücut bu hormonal değişikliklere uyum sağlamaya başladığı için yaşanan hassasiyet bir süre sonra azalacaktır. Vajinal akıntıda artış Hamilelikte vajina duvarının genişlemesi beyaz ve şeffaf bir akıntı yaşanmasına sebebiyet verir. Hamilelik süreci ilerledikçe, bu akıntı genellikle daha belirgin hale gelir ve hamileliğinizin sonunda en yoğun halini alır. Kasık ve bel bölgesi krampları Vücut bebeğe kendini hazırlarken, rahimin büyümesi alt karın bölgesinde hafif çekme gibi adet sancısına benzeyen kramplar yaşanmasına neden olur. Bu hafif kramp şeklinde ki ağrılar, bel, karın ve pelvis bölgesinde görülür. Sabah bulantıları ve kusma Sabah ...",Hamilelik Belirtileri Nelerdir? Gebelikte İlk Belirtiler,0.3341590166091919,Omega 3 Faydaları Nelerdir? Omega 3 Ne İşe Yarar?,0.3258012533187866,CA 15-3 Testi Nedir? CA 15-3 Yüksekliği Ne Anlama Gelir?,0.32199573516845703,CA 15-3 Testi Nedir? CA 15-3 Yüksekliği Ne Anlama Gelir?,0.3163052797317505,Ebeveynlerin Ateş Fobisi Çocuğa Zarar Veriyor,0.31403911113739014
26,negative,Windows 11'de masaüstü arka planı nasıl değiştirilir?,0.3029822111129761,0.6970177888870239,doc_0336_parent_001_child_002,doc_0336_parent_001,MS hastalarının dikkat etmesi gereken 6 altın kural,https://www.memorial.com.tr/saglik-rehberi/ms-hastalarinin-dikkat-etmesi-gereken-6-altin-kural,"Beyin ve omuriliğin herhangi bir yerinde plakların ortaya çıkmasıyla tutulan bölgeye ait şikayet ve belirtiler oluşmaktadır. Tutulan bölge hastadan hastaya değişir, dolayısıyla her hastanın şikayeti birbirinden farklıdır. Hastalığın nedeni net olarak bilinmese de, yapılan farklı araştırmalar daha önce geçirilmiş viral enfeksiyonların, bazı çevresel zararlı maddelerle maruziyetin, beslenme alışkanlıklarının ve D vitamini eksikliğinin MS’e yakalanma riskini artırdığı göstermiştir. Belirtiler her hastada farklılık gösteriyor MS belirtileri etkilenen sinir sistemi bölgesine göre farklılık gösterir. Dolayısıyla belirtilerin şiddeti ve seyri de her hastada farklıdır. Sıklıkla ortaya çıkan belirtil ...",doc_0336_parent_001,MS hastalarının dikkat etmesi gereken 6 altın kural,0.3029822111129761,"Kadınlarda erkeklerden 2-3 kat daha yaygın olan, sıklıkla 20 – 40 yaş arasında görülen Multipl Skleroz ( MS), dünyada yaklaşık 3 milyon, Türkiye’de ise 35 bin kişiyi etkiliyor. Multipl sklerozun nedeni tam olarak bilinmese de, bağışıklık sisteminde bir bozukluk sonucunda beyin ve omurilikte plak oluşumu ile ortaya çıkıyor. Hafif semptomlar arasında karıncalanma ve uyuşma bulunsa da, hastalık şiddetli ataklarda görme kaybı ve felç gibi daha ağır sonuçlara neden olabiliyor. Memorial Antalya Hastanesi Nöroloji Bölümü’nden Uzm. Dr. Özden Yener Çakmak, MS hakkında bilinmesi gerekenleri anlattı. - Gençler daha çok risk altında - Belirtiler her hastada farklılık gösteriyor - MS 3 farklı tipte ortaya çıkıyor - Yorgunluk önemli belirtilerden! - Tedavide şikayetlerin yönetilmesi amaçlanıyor - MS hastalarının dikkat etmesi gerekenler Gençler daha çok risk altında Multipl Skleroz (MS) sıklıkla genç ...",MS hastalarının dikkat etmesi gereken 6 altın kural,0.3029822111129761,Soğuk Havalarda Cildiniz Pul Pul Dökülmesin,0.2930629253387451,Göz altı Işık Dolgusu Nedir? Göz altı Işık Dolgusu Nasıl Yapılır​?,0.2727659344673157,Göze İyi Gelen Besinler Nelerdir?,0.27123838663101196,Ameliyatsız estetik uygulamalar nelerdir?,0.26688265800476074
27,negative,GitHub'da yeni bir repository nasıl oluşturulur?,0.3059629797935486,0.6940370202064514,doc_0353_parent_001_child_001,doc_0353_parent_001,Kan Grupları Nelerdir? Kan Grupları Neyi İfade Eder?,https://www.memorial.com.tr/saglik-rehberi/kan-gruplari,"Kan grupları, A antijeni, B antijeni ya da AB antijeni içeren veya hiç birini içermeyen, A, B, AB ve 0 olmak üzere 4 ana kan grubundan oluşmaktadır. Rh faktörüne göre pozitif ve negatif olarak ayrıldığında toplamda 8 kan grubu ortaya çıkar. Kan grupları, aileden genetik olarak miras alınır, dolayısı ile kan gruplarında anne ve babanın kan grubu kişinin sahip olduğu kan grubu için belirleyicidir. Kan Grubu Nedir? Kan grupları, ABO sisteminde, A, B, 0 ve AB olacak şekilde 4 ana kan grubundan oluşur. Antijenlerine göre Rh faktörü dahil edildiğinde, A+, A- , B+, B- , 0+, 0- , AB+, AB- olacak şekilde 8 kan grubu ortaya çıkar. Yapısal özelliklerine bağlı olarak kan gruplarının kendi karakteristik ...",doc_0353_parent_001,Kan Grupları Nelerdir? Kan Grupları Neyi İfade Eder?,0.3059629797935486,"Kan grupları, A antijeni, B antijeni ya da AB antijeni içeren veya hiç birini içermeyen, A, B, AB ve 0 olmak üzere 4 ana kan grubundan oluşmaktadır. Rh faktörüne göre pozitif ve negatif olarak ayrıldığında toplamda 8 kan grubu ortaya çıkar. Kan grupları, aileden genetik olarak miras alınır, dolayısı ile kan gruplarında anne ve babanın kan grubu kişinin sahip olduğu kan grubu için belirleyicidir. Kan Grubu Nedir? Kan grupları, ABO sisteminde, A, B, 0 ve AB olacak şekilde 4 ana kan grubundan oluşur. Antijenlerine göre Rh faktörü dahil edildiğinde, A+, A- , B+, B- , 0+, 0- , AB+, AB- olacak şekilde 8 kan grubu ortaya çıkar. Yapısal özelliklerine bağlı olarak kan gruplarının kendi karakteristik özellikleri söz konusudur. Aynı zamanda az veya çok bulunması da kan gruplarının özellikleri arasındadır. Kan grupları aileden genetik olarak miras alınır ve hem anne hem de babanın kan grubu çocuğu d ...",Kan Grupları Nelerdir? Kan Grupları Neyi İfade Eder?,0.3059629797935486,Kan Grupları Nelerdir? Kan Grupları Neyi İfade Eder?,0.2989398241043091,Kan Grupları Nelerdir? Kan Grupları Neyi İfade Eder?,0.2876884937286377,Gizli Şeker (Prediyabet) Nedir? Gizli Şeker Belirtileri Nelerdir?,0.278914213180542,Hematopoez Nedir? Hematopoez Süreci Nasıl İşler?,0.27607083320617676
28,negative,Türk kahvesi kaç dakika pişirilmelidir?,0.5346479415893555,0.46535205841064453,doc_0354_parent_001_child_001,doc_0354_parent_001,Doğru Koşullarda Hazırlanmayan Turşu Zehirleyebilir,https://www.memorial.com.tr/saglik-rehberi/dogru-kosullarda-hazirlanmayan-tursu-zehirleyebilir,"Türk mutfağının vazgeçilmez lezzetlerinden biri olan turşu, doğru hazırlandığında hem sağlıklı hem de iştah açıcı özelliği ile öne çıkıyor. Turşu kurarken dikkat edilmesi gereken en önemli faktör ise hijyen. Turşuya eklenecek sebze ve meyvelerin çok iyi yıkanması gerekiyor. Aksi halde sağlıklı ve lezzetli bir yiyecek tüketmek isterken besin zehirlenmelerine maruz kalmak kaçınılmaz olabiliyor. Memorial Bahçelievler Hastanesi Enfeksiyon Hastalıkları ve Klinik Mikrobiyoloji Bölümü Uzmanları, turşu hazırlarken dikkat edilmesi gerekenler hakkında bilgi verdi. Türk mutfağının vazgeçilmez lezzetlerinden biri olan turşu, doğru hazırlandığında hem sağlıklı hem de iştah açıcı özelliği ile öne çıkıyor. ...",doc_0354_parent_001,Doğru Koşullarda Hazırlanmayan Turşu Zehirleyebilir,0.5346479415893555,"Türk mutfağının vazgeçilmez lezzetlerinden biri olan turşu, doğru hazırlandığında hem sağlıklı hem de iştah açıcı özelliği ile öne çıkıyor. Turşu kurarken dikkat edilmesi gereken en önemli faktör ise hijyen. Turşuya eklenecek sebze ve meyvelerin çok iyi yıkanması gerekiyor. Aksi halde sağlıklı ve lezzetli bir yiyecek tüketmek isterken besin zehirlenmelerine maruz kalmak kaçınılmaz olabiliyor. Memorial Bahçelievler Hastanesi Enfeksiyon Hastalıkları ve Klinik Mikrobiyoloji Bölümü Uzmanları, turşu hazırlarken dikkat edilmesi gerekenler hakkında bilgi verdi. Türk mutfağının vazgeçilmez lezzetlerinden biri olan turşu, doğru hazırlandığında hem sağlıklı hem de iştah açıcı özelliği ile öne çıkıyor. Turşu kurarken dikkat edilmesi gereken en önemli faktör ise hijyen. Turşuya eklenecek sebze ve meyvelerin çok iyi yıkanması gerekiyor. Aksi halde sağlıklı ve lezzetli bir yiyecek tüketmek isterken be ...",Doğru Koşullarda Hazırlanmayan Turşu Zehirleyebilir,0.5346479415893555,Peynirli Kabak Sandal Tarifi,0.5305848121643066,Kafein Nedir? Kafein Nelerde Bulunur?,0.5291762948036194,"Buzdolabında 9 Kurala Uyun, Sağlığınızdan Olmayın",0.5193136930465698,Tatlı krizine son veren öneriler,0.5131677389144897
29,negative,Dünya'nın Güneş etrafındaki bir turu kaç gün sürer?,0.43119102716445923,0.5688089728355408,doc_0350_parent_001_child_005,doc_0350_parent_001,Göz altı Işık Dolgusu Nedir? Göz altı Işık Dolgusu Nasıl Yapılır​?,https://www.memorial.com.tr/tedavi-yontemleri/gozalti-isik-dolgusu,"- Gerektiği durumda dolgu miktarı eklenerek simetrik bir görünüm sağlanabilir. - Göz altı ışık dolgusu genellikle 15-30 dakika arasında yapılabilir - İşlem sonrasında hafif şişlik, morarma veya kızarıklık görülmesi normaldir. Bu görülen durumlar birkaç gün içerisinde geçer - Uygulama sonrası tedavi edilen bölgeyi ovuşturmaktan kaçınmak, aşırı sıcak ortamlar veya aşırı egzersizden uzak durmak önemlidir - İşlem sonrasında göz altı bölgesindeki kararmalar azalır, çökükler düzelir ve bölge daha aydınlık bir görüntüye ulaşır Göz altı Işık dolgusunun etkisi ne kadar sürer?",doc_0350_parent_001,Göz altı Işık Dolgusu Nedir? Göz altı Işık Dolgusu Nasıl Yapılır​?,0.43119102716445923,"Göz altı ışık dolgusu, göz altındaki çöküklüğü ve morarma gibi ton değişimlerini azaltmak için kullanılan estetik uygulamasıdır. Göz altı bölgesi, ciltteki ince deri tabakasının altında bulunan kan damarları ve yağ dokusu nedeniyle en hassas bölgelerden biridir. Yorgunluk, yoğun çalışma temposu, stres, uykusuzluk, yer çekimi veya toksik maddelere maruz kalınması gibi farklı nedenlerle göz altında koyu halkalar oluşumuna neden olabilmektedir. Göz altı ışık dolgusu işlemi ile kısa sürede daha genç ve canlı bir görünüm elde edilir. Göz altı Işık Dolgusu Nedir? Göz altı ışık dolgusu, göz altındaki morluklar, koyu ve şiş görünüm, kızarıklıklar gibi estetik olmayan görüntülerin hyaluronik asit kullanılarak giderilmesi ve göz kapağına belirgin bir görünüm kazandırarak cildin gençleştirilmesi işlemidir. Göz altındaki çukur şeklinde oluğa uygulanan hyalüronik asit enjeksiyonu, cildin nemini artır ...",Göz altı Işık Dolgusu Nedir? Göz altı Işık Dolgusu Nasıl Yapılır​?,0.43119102716445923,Işın Tedavisi (Radyoterapi) Nedir? Işın Tedavisi Nasıl Yapılır?,0.43017327785491943,PUVA tedavi yöntemi nedir?,0.4265866279602051,Jawline (Çene) Dolgusu Nedir? Nasıl Uygulanır?,0.3996847867965698,Göz altı Işık Dolgusu Nedir? Göz altı Işık Dolgusu Nasıl Yapılır​?,0.3931151032447815
30,negative,SQL'de iki tablo nasıl JOIN edilir?,0.2719516158103943,0.7280483841896057,doc_0428_parent_001_child_001,doc_0428_parent_001,Diplopi (Çift Görme) Nedir? Diplopi Neden Olur?,https://www.memorial.com.tr/saglik-rehberi/diplopi-nedir,"Çift görme olarak da tabir edilen diplopi, tek bir nesneye bakıldığında onun yatay, dikey veya bitişik şekilde iki görüntüsünü görme durumudur. Diplopi olan kişiler bir nesneyi, eşyayı veya bazen de kişiyi çift görürler. Bu çift görme durumu genellikle bulanık görüş ile karıştırılır. Çift görülen nesnelerden birinin daha net diğerinin ise hayali bir his yarattığı diplopi, altta yatan nedenlere bağlı olarak meydana gelir. Nesneleri veya herhangi bir şeyi çift görmeye başladığınız an doktora danışmanız tavsiye edilir ancak diplopi durumu çoğunlukla kısa süre içinde geçebilen bir problemdir. Diplopi (Çift Görme) Nedir? Diplopi, çift görme sorunu olup, bir tane olarak görülmesi gereken herhangi ...",doc_0428_parent_001,Diplopi (Çift Görme) Nedir? Diplopi Neden Olur?,0.2719516158103943,"Çift görme olarak da tabir edilen diplopi, tek bir nesneye bakıldığında onun yatay, dikey veya bitişik şekilde iki görüntüsünü görme durumudur. Diplopi olan kişiler bir nesneyi, eşyayı veya bazen de kişiyi çift görürler. Bu çift görme durumu genellikle bulanık görüş ile karıştırılır. Çift görülen nesnelerden birinin daha net diğerinin ise hayali bir his yarattığı diplopi, altta yatan nedenlere bağlı olarak meydana gelir. Nesneleri veya herhangi bir şeyi çift görmeye başladığınız an doktora danışmanız tavsiye edilir ancak diplopi durumu çoğunlukla kısa süre içinde geçebilen bir problemdir. Diplopi (Çift Görme) Nedir? Diplopi, çift görme sorunu olup, bir tane olarak görülmesi gereken herhangi bir görüntünün birbirine bitişik biçimde yatay, dikey veya çapraz olarak görülmesidir. Bu birleşen iki görüntü yan yana veya üst üste gelebilir. Diplopi olan bireyler, baktıkları nesne, eşya ve kişile ...",Diplopi (Çift Görme) Nedir? Diplopi Neden Olur?,0.2719516158103943,Kaval Kemiği Nerededir? Kaval Kemiği Ağrısı Neden Olur?,0.2716144919395447,Kükürt Nedir? Kükürt İçeren Besinler Nelerdir?,0.2560122013092041,Antibiyotik Nedir? Antibiyotik Ne İşe Yarar?,0.25595080852508545,Antibiyotik Nedir? Antibiyotik Ne İşe Yarar?,0.25595080852508545
