threshold,tp,tn,fp,fn,accuracy,precision,recall,specificity,f1,balanced_accuracy
0.2,20,0,10,0,0.6666666666666666,0.6666666666666666,1.0,0.0,0.8,0.5
0.201,20,0,10,0,0.6666666666666666,0.6666666666666666,1.0,0.0,0.8,0.5
0.202,20,0,10,0,0.6666666666666666,0.6666666666666666,1.0,0.0,0.8,0.5
0.203,20,0,10,0,0.6666666666666666,0.6666666666666666,1.0,0.0,0.8,0.5
0.20400000000000001,20,0,10,0,0.6666666666666666,0.6666666666666666,1.0,0.0,0.8,0.5
0.20500000000000002,20,0,10,0,0.6666666666666666,0.6666666666666666,1.0,0.0,0.8,0.5
0.20600000000000002,20,0,10,0,0.6666666666666666,0.6666666666666666,1.0,0.0,0.8,0.5
0.20700000000000002,20,0,10,0,0.6666666666666666,0.6666666666666666,1.0,0.0,0.8,0.5
0.20800000000000002,20,0,10,0,0.6666666666666666,0.6666666666666666,1.0,0.0,0.8,0.5
0.20900000000000002,20,0,10,0,0.6666666666666666,0.6666666666666666,1.0,0.0,0.8,0.5
0.21000000000000002,20,0,10,0,0.6666666666666666,0.6666666666666666,1.0,0.0,0.8,0.5
0.21100000000000002,20,0,10,0,0.6666666666666666,0.6666666666666666,1.0,0.0,0.8,0.5
0.21200000000000002,20,0,10,0,0.6666666666666666,0.6666666666666666,1.0,0.0,0.8,0.5
0.21300000000000002,20,0,10,0,0.6666666666666666,0.6666666666666666,1.0,0.0,0.8,0.5
0.21400000000000002,20,0,10,0,0.6666666666666666,0.6666666666666666,1.0,0.0,0.8,0.5
0.21500000000000002,20,0,10,0,0.6666666666666666,0.6666666666666666,1.0,0.0,0.8,0.5
0.21600000000000003,20,0,10,0,0.6666666666666666,0.6666666666666666,1.0,0.0,0.8,0.5
0.21700000000000003,20,0,10,0,0.6666666666666666,0.6666666666666666,1.0,0.0,0.8,0.5
0.21800000000000003,20,0,10,0,0.6666666666666666,0.6666666666666666,1.0,0.0,0.8,0.5
0.21900000000000003,20,0,10,0,0.6666666666666666,0.6666666666666666,1.0,0.0,0.8,0.5
0.22000000000000003,20,0,10,0,0.6666666666666666,0.6666666666666666,1.0,0.0,0.8,0.5
0.22100000000000003,20,0,10,0,0.6666666666666666,0.6666666666666666,1.0,0.0,0.8,0.5
0.22200000000000003,20,0,10,0,0.6666666666666666,0.6666666666666666,1.0,0.0,0.8,0.5
0.22300000000000003,20,0,10,0,0.6666666666666666,0.6666666666666666,1.0,0.0,0.8,0.5
0.22400000000000003,20,0,10,0,0.6666666666666666,0.6666666666666666,1.0,0.0,0.8,0.5
0.22500000000000003,20,0,10,0,0.6666666666666666,0.6666666666666666,1.0,0.0,0.8,0.5
0.22600000000000003,20,0,10,0,0.6666666666666666,0.6666666666666666,1.0,0.0,0.8,0.5
0.22700000000000004,20,0,10,0,0.6666666666666666,0.6666666666666666,1.0,0.0,0.8,0.5
0.22800000000000004,20,0,10,0,0.6666666666666666,0.6666666666666666,1.0,0.0,0.8,0.5
0.22900000000000004,20,0,10,0,0.6666666666666666,0.6666666666666666,1.0,0.0,0.8,0.5
0.23000000000000004,20,0,10,0,0.6666666666666666,0.6666666666666666,1.0,0.0,0.8,0.5
0.23100000000000004,20,0,10,0,0.6666666666666666,0.6666666666666666,1.0,0.0,0.8,0.5
0.23200000000000004,20,0,10,0,0.6666666666666666,0.6666666666666666,1.0,0.0,0.8,0.5
0.23300000000000004,20,0,10,0,0.6666666666666666,0.6666666666666666,1.0,0.0,0.8,0.5
0.23400000000000004,20,0,10,0,0.6666666666666666,0.6666666666666666,1.0,0.0,0.8,0.5
0.23500000000000004,20,0,10,0,0.6666666666666666,0.6666666666666666,1.0,0.0,0.8,0.5
0.23600000000000004,20,0,10,0,0.6666666666666666,0.6666666666666666,1.0,0.0,0.8,0.5
0.23700000000000004,20,0,10,0,0.6666666666666666,0.6666666666666666,1.0,0.0,0.8,0.5
0.23800000000000004,20,0,10,0,0.6666666666666666,0.6666666666666666,1.0,0.0,0.8,0.5
0.23900000000000005,20,0,10,0,0.6666666666666666,0.6666666666666666,1.0,0.0,0.8,0.5
0.24000000000000005,20,0,10,0,0.6666666666666666,0.6666666666666666,1.0,0.0,0.8,0.5
0.24100000000000005,20,0,10,0,0.6666666666666666,0.6666666666666666,1.0,0.0,0.8,0.5
0.24200000000000005,20,0,10,0,0.6666666666666666,0.6666666666666666,1.0,0.0,0.8,0.5
0.24300000000000005,20,0,10,0,0.6666666666666666,0.6666666666666666,1.0,0.0,0.8,0.5
0.24400000000000005,20,0,10,0,0.6666666666666666,0.6666666666666666,1.0,0.0,0.8,0.5
0.24500000000000005,20,0,10,0,0.6666666666666666,0.6666666666666666,1.0,0.0,0.8,0.5
0.24600000000000005,20,0,10,0,0.6666666666666666,0.6666666666666666,1.0,0.0,0.8,0.5
0.24700000000000005,20,0,10,0,0.6666666666666666,0.6666666666666666,1.0,0.0,0.8,0.5
0.24800000000000005,20,0,10,0,0.6666666666666666,0.6666666666666666,1.0,0.0,0.8,0.5
0.24900000000000005,20,0,10,0,0.6666666666666666,0.6666666666666666,1.0,0.0,0.8,0.5
0.25000000000000006,20,0,10,0,0.6666666666666666,0.6666666666666666,1.0,0.0,0.8,0.5
0.25100000000000006,20,0,10,0,0.6666666666666666,0.6666666666666666,1.0,0.0,0.8,0.5
0.25200000000000006,20,0,10,0,0.6666666666666666,0.6666666666666666,1.0,0.0,0.8,0.5
0.25300000000000006,20,0,10,0,0.6666666666666666,0.6666666666666666,1.0,0.0,0.8,0.5
0.25400000000000006,20,0,10,0,0.6666666666666666,0.6666666666666666,1.0,0.0,0.8,0.5
0.25500000000000006,20,0,10,0,0.6666666666666666,0.6666666666666666,1.0,0.0,0.8,0.5
0.25600000000000006,20,0,10,0,0.6666666666666666,0.6666666666666666,1.0,0.0,0.8,0.5
0.25700000000000006,20,0,10,0,0.6666666666666666,0.6666666666666666,1.0,0.0,0.8,0.5
0.25800000000000006,20,0,10,0,0.6666666666666666,0.6666666666666666,1.0,0.0,0.8,0.5
0.25900000000000006,20,0,10,0,0.6666666666666666,0.6666666666666666,1.0,0.0,0.8,0.5
0.26000000000000006,20,0,10,0,0.6666666666666666,0.6666666666666666,1.0,0.0,0.8,0.5
0.26100000000000007,20,0,10,0,0.6666666666666666,0.6666666666666666,1.0,0.0,0.8,0.5
0.26200000000000007,20,0,10,0,0.6666666666666666,0.6666666666666666,1.0,0.0,0.8,0.5
0.26300000000000007,20,1,9,0,0.7,0.6896551724137931,1.0,0.1,0.8163265306122449,0.55
0.26400000000000007,20,1,9,0,0.7,0.6896551724137931,1.0,0.1,0.8163265306122449,0.55
0.26500000000000007,20,1,9,0,0.7,0.6896551724137931,1.0,0.1,0.8163265306122449,0.55
0.26600000000000007,20,1,9,0,0.7,0.6896551724137931,1.0,0.1,0.8163265306122449,0.55
0.26700000000000007,20,1,9,0,0.7,0.6896551724137931,1.0,0.1,0.8163265306122449,0.55
0.26800000000000007,20,1,9,0,0.7,0.6896551724137931,1.0,0.1,0.8163265306122449,0.55
0.2690000000000001,20,1,9,0,0.7,0.6896551724137931,1.0,0.1,0.8163265306122449,0.55
0.2700000000000001,20,1,9,0,0.7,0.6896551724137931,1.0,0.1,0.8163265306122449,0.55
0.2710000000000001,20,1,9,0,0.7,0.6896551724137931,1.0,0.1,0.8163265306122449,0.55
0.2720000000000001,20,2,8,0,0.7333333333333333,0.7142857142857143,1.0,0.2,0.8333333333333333,0.6
0.2730000000000001,20,2,8,0,0.7333333333333333,0.7142857142857143,1.0,0.2,0.8333333333333333,0.6
0.2740000000000001,20,2,8,0,0.7333333333333333,0.7142857142857143,1.0,0.2,0.8333333333333333,0.6
0.2750000000000001,20,2,8,0,0.7333333333333333,0.7142857142857143,1.0,0.2,0.8333333333333333,0.6
0.2760000000000001,20,2,8,0,0.7333333333333333,0.7142857142857143,1.0,0.2,0.8333333333333333,0.6
0.2770000000000001,20,2,8,0,0.7333333333333333,0.7142857142857143,1.0,0.2,0.8333333333333333,0.6
0.2780000000000001,20,2,8,0,0.7333333333333333,0.7142857142857143,1.0,0.2,0.8333333333333333,0.6
0.2790000000000001,20,2,8,0,0.7333333333333333,0.7142857142857143,1.0,0.2,0.8333333333333333,0.6
0.2800000000000001,20,2,8,0,0.7333333333333333,0.7142857142857143,1.0,0.2,0.8333333333333333,0.6
0.2810000000000001,20,2,8,0,0.7333333333333333,0.7142857142857143,1.0,0.2,0.8333333333333333,0.6
0.2820000000000001,20,2,8,0,0.7333333333333333,0.7142857142857143,1.0,0.2,0.8333333333333333,0.6
0.2830000000000001,20,2,8,0,0.7333333333333333,0.7142857142857143,1.0,0.2,0.8333333333333333,0.6
0.2840000000000001,20,2,8,0,0.7333333333333333,0.7142857142857143,1.0,0.2,0.8333333333333333,0.6
0.2850000000000001,20,2,8,0,0.7333333333333333,0.7142857142857143,1.0,0.2,0.8333333333333333,0.6
0.2860000000000001,20,2,8,0,0.7333333333333333,0.7142857142857143,1.0,0.2,0.8333333333333333,0.6
0.2870000000000001,20,2,8,0,0.7333333333333333,0.7142857142857143,1.0,0.2,0.8333333333333333,0.6
0.2880000000000001,20,2,8,0,0.7333333333333333,0.7142857142857143,1.0,0.2,0.8333333333333333,0.6
0.2890000000000001,20,2,8,0,0.7333333333333333,0.7142857142857143,1.0,0.2,0.8333333333333333,0.6
0.2900000000000001,20,2,8,0,0.7333333333333333,0.7142857142857143,1.0,0.2,0.8333333333333333,0.6
0.2910000000000001,20,2,8,0,0.7333333333333333,0.7142857142857143,1.0,0.2,0.8333333333333333,0.6
0.2920000000000001,20,2,8,0,0.7333333333333333,0.7142857142857143,1.0,0.2,0.8333333333333333,0.6
0.2930000000000001,20,2,8,0,0.7333333333333333,0.7142857142857143,1.0,0.2,0.8333333333333333,0.6
0.2940000000000001,20,2,8,0,0.7333333333333333,0.7142857142857143,1.0,0.2,0.8333333333333333,0.6
0.2950000000000001,20,2,8,0,0.7333333333333333,0.7142857142857143,1.0,0.2,0.8333333333333333,0.6
0.2960000000000001,20,2,8,0,0.7333333333333333,0.7142857142857143,1.0,0.2,0.8333333333333333,0.6
0.2970000000000001,20,2,8,0,0.7333333333333333,0.7142857142857143,1.0,0.2,0.8333333333333333,0.6
0.2980000000000001,20,2,8,0,0.7333333333333333,0.7142857142857143,1.0,0.2,0.8333333333333333,0.6
0.2990000000000001,20,2,8,0,0.7333333333333333,0.7142857142857143,1.0,0.2,0.8333333333333333,0.6
0.3000000000000001,20,2,8,0,0.7333333333333333,0.7142857142857143,1.0,0.2,0.8333333333333333,0.6
0.3010000000000001,20,2,8,0,0.7333333333333333,0.7142857142857143,1.0,0.2,0.8333333333333333,0.6
0.3020000000000001,20,2,8,0,0.7333333333333333,0.7142857142857143,1.0,0.2,0.8333333333333333,0.6
0.3030000000000001,20,3,7,0,0.7666666666666667,0.7407407407407407,1.0,0.3,0.851063829787234,0.65
0.3040000000000001,20,3,7,0,0.7666666666666667,0.7407407407407407,1.0,0.3,0.851063829787234,0.65
0.3050000000000001,20,3,7,0,0.7666666666666667,0.7407407407407407,1.0,0.3,0.851063829787234,0.65
0.3060000000000001,20,4,6,0,0.8,0.7692307692307693,1.0,0.4,0.8695652173913044,0.7
0.3070000000000001,20,4,6,0,0.8,0.7692307692307693,1.0,0.4,0.8695652173913044,0.7
0.3080000000000001,20,4,6,0,0.8,0.7692307692307693,1.0,0.4,0.8695652173913044,0.7
0.3090000000000001,20,4,6,0,0.8,0.7692307692307693,1.0,0.4,0.8695652173913044,0.7
0.3100000000000001,20,4,6,0,0.8,0.7692307692307693,1.0,0.4,0.8695652173913044,0.7
0.3110000000000001,20,4,6,0,0.8,0.7692307692307693,1.0,0.4,0.8695652173913044,0.7
0.3120000000000001,20,4,6,0,0.8,0.7692307692307693,1.0,0.4,0.8695652173913044,0.7
0.3130000000000001,20,4,6,0,0.8,0.7692307692307693,1.0,0.4,0.8695652173913044,0.7
0.3140000000000001,20,4,6,0,0.8,0.7692307692307693,1.0,0.4,0.8695652173913044,0.7
0.3150000000000001,20,4,6,0,0.8,0.7692307692307693,1.0,0.4,0.8695652173913044,0.7
0.3160000000000001,20,4,6,0,0.8,0.7692307692307693,1.0,0.4,0.8695652173913044,0.7
0.3170000000000001,20,4,6,0,0.8,0.7692307692307693,1.0,0.4,0.8695652173913044,0.7
0.3180000000000001,20,4,6,0,0.8,0.7692307692307693,1.0,0.4,0.8695652173913044,0.7
0.3190000000000001,20,4,6,0,0.8,0.7692307692307693,1.0,0.4,0.8695652173913044,0.7
0.3200000000000001,20,4,6,0,0.8,0.7692307692307693,1.0,0.4,0.8695652173913044,0.7
0.3210000000000001,20,4,6,0,0.8,0.7692307692307693,1.0,0.4,0.8695652173913044,0.7
0.3220000000000001,20,4,6,0,0.8,0.7692307692307693,1.0,0.4,0.8695652173913044,0.7
0.3230000000000001,20,4,6,0,0.8,0.7692307692307693,1.0,0.4,0.8695652173913044,0.7
0.3240000000000001,20,4,6,0,0.8,0.7692307692307693,1.0,0.4,0.8695652173913044,0.7
0.3250000000000001,20,4,6,0,0.8,0.7692307692307693,1.0,0.4,0.8695652173913044,0.7
0.3260000000000001,20,5,5,0,0.8333333333333334,0.8,1.0,0.5,0.888888888888889,0.75
0.3270000000000001,20,5,5,0,0.8333333333333334,0.8,1.0,0.5,0.888888888888889,0.75
0.3280000000000001,20,5,5,0,0.8333333333333334,0.8,1.0,0.5,0.888888888888889,0.75
0.3290000000000001,20,5,5,0,0.8333333333333334,0.8,1.0,0.5,0.888888888888889,0.75
0.3300000000000001,20,5,5,0,0.8333333333333334,0.8,1.0,0.5,0.888888888888889,0.75
0.3310000000000001,20,5,5,0,0.8333333333333334,0.8,1.0,0.5,0.888888888888889,0.75
0.33200000000000013,20,6,4,0,0.8666666666666667,0.8333333333333334,1.0,0.6,0.9090909090909091,0.8
0.33300000000000013,20,6,4,0,0.8666666666666667,0.8333333333333334,1.0,0.6,0.9090909090909091,0.8
0.33400000000000013,20,6,4,0,0.8666666666666667,0.8333333333333334,1.0,0.6,0.9090909090909091,0.8
0.33500000000000013,20,7,3,0,0.9,0.8695652173913043,1.0,0.7,0.9302325581395349,0.85
0.33600000000000013,20,7,3,0,0.9,0.8695652173913043,1.0,0.7,0.9302325581395349,0.85
0.33700000000000013,20,7,3,0,0.9,0.8695652173913043,1.0,0.7,0.9302325581395349,0.85
0.33800000000000013,20,7,3,0,0.9,0.8695652173913043,1.0,0.7,0.9302325581395349,0.85
0.33900000000000013,20,7,3,0,0.9,0.8695652173913043,1.0,0.7,0.9302325581395349,0.85
0.34000000000000014,20,7,3,0,0.9,0.8695652173913043,1.0,0.7,0.9302325581395349,0.85
0.34100000000000014,20,7,3,0,0.9,0.8695652173913043,1.0,0.7,0.9302325581395349,0.85
0.34200000000000014,20,7,3,0,0.9,0.8695652173913043,1.0,0.7,0.9302325581395349,0.85
0.34300000000000014,20,7,3,0,0.9,0.8695652173913043,1.0,0.7,0.9302325581395349,0.85
0.34400000000000014,20,7,3,0,0.9,0.8695652173913043,1.0,0.7,0.9302325581395349,0.85
0.34500000000000014,20,7,3,0,0.9,0.8695652173913043,1.0,0.7,0.9302325581395349,0.85
0.34600000000000014,20,7,3,0,0.9,0.8695652173913043,1.0,0.7,0.9302325581395349,0.85
0.34700000000000014,20,7,3,0,0.9,0.8695652173913043,1.0,0.7,0.9302325581395349,0.85
0.34800000000000014,20,7,3,0,0.9,0.8695652173913043,1.0,0.7,0.9302325581395349,0.85
0.34900000000000014,20,7,3,0,0.9,0.8695652173913043,1.0,0.7,0.9302325581395349,0.85
0.35000000000000014,20,7,3,0,0.9,0.8695652173913043,1.0,0.7,0.9302325581395349,0.85
0.35100000000000015,20,7,3,0,0.9,0.8695652173913043,1.0,0.7,0.9302325581395349,0.85
0.35200000000000015,20,7,3,0,0.9,0.8695652173913043,1.0,0.7,0.9302325581395349,0.85
0.35300000000000015,20,7,3,0,0.9,0.8695652173913043,1.0,0.7,0.9302325581395349,0.85
0.35400000000000015,20,7,3,0,0.9,0.8695652173913043,1.0,0.7,0.9302325581395349,0.85
0.35500000000000015,20,7,3,0,0.9,0.8695652173913043,1.0,0.7,0.9302325581395349,0.85
0.35600000000000015,20,7,3,0,0.9,0.8695652173913043,1.0,0.7,0.9302325581395349,0.85
0.35700000000000015,20,7,3,0,0.9,0.8695652173913043,1.0,0.7,0.9302325581395349,0.85
0.35800000000000015,20,7,3,0,0.9,0.8695652173913043,1.0,0.7,0.9302325581395349,0.85
0.35900000000000015,20,7,3,0,0.9,0.8695652173913043,1.0,0.7,0.9302325581395349,0.85
0.36000000000000015,20,7,3,0,0.9,0.8695652173913043,1.0,0.7,0.9302325581395349,0.85
0.36100000000000015,20,7,3,0,0.9,0.8695652173913043,1.0,0.7,0.9302325581395349,0.85
0.36200000000000015,20,7,3,0,0.9,0.8695652173913043,1.0,0.7,0.9302325581395349,0.85
0.36300000000000016,20,7,3,0,0.9,0.8695652173913043,1.0,0.7,0.9302325581395349,0.85
0.36400000000000016,20,7,3,0,0.9,0.8695652173913043,1.0,0.7,0.9302325581395349,0.85
0.36500000000000016,20,7,3,0,0.9,0.8695652173913043,1.0,0.7,0.9302325581395349,0.85
0.36600000000000016,20,7,3,0,0.9,0.8695652173913043,1.0,0.7,0.9302325581395349,0.85
0.36700000000000016,20,7,3,0,0.9,0.8695652173913043,1.0,0.7,0.9302325581395349,0.85
0.36800000000000016,20,7,3,0,0.9,0.8695652173913043,1.0,0.7,0.9302325581395349,0.85
0.36900000000000016,20,7,3,0,0.9,0.8695652173913043,1.0,0.7,0.9302325581395349,0.85
0.37000000000000016,20,7,3,0,0.9,0.8695652173913043,1.0,0.7,0.9302325581395349,0.85
0.37100000000000016,20,7,3,0,0.9,0.8695652173913043,1.0,0.7,0.9302325581395349,0.85
0.37200000000000016,20,8,2,0,0.9333333333333333,0.9090909090909091,1.0,0.8,0.9523809523809523,0.9
0.37300000000000016,20,8,2,0,0.9333333333333333,0.9090909090909091,1.0,0.8,0.9523809523809523,0.9
0.37400000000000017,20,8,2,0,0.9333333333333333,0.9090909090909091,1.0,0.8,0.9523809523809523,0.9
0.37500000000000017,20,8,2,0,0.9333333333333333,0.9090909090909091,1.0,0.8,0.9523809523809523,0.9
0.37600000000000017,20,8,2,0,0.9333333333333333,0.9090909090909091,1.0,0.8,0.9523809523809523,0.9
0.37700000000000017,20,8,2,0,0.9333333333333333,0.9090909090909091,1.0,0.8,0.9523809523809523,0.9
0.37800000000000017,20,8,2,0,0.9333333333333333,0.9090909090909091,1.0,0.8,0.9523809523809523,0.9
0.37900000000000017,20,8,2,0,0.9333333333333333,0.9090909090909091,1.0,0.8,0.9523809523809523,0.9
0.38000000000000017,20,8,2,0,0.9333333333333333,0.9090909090909091,1.0,0.8,0.9523809523809523,0.9
0.38100000000000017,20,8,2,0,0.9333333333333333,0.9090909090909091,1.0,0.8,0.9523809523809523,0.9
0.3820000000000002,20,8,2,0,0.9333333333333333,0.9090909090909091,1.0,0.8,0.9523809523809523,0.9
0.3830000000000002,20,8,2,0,0.9333333333333333,0.9090909090909091,1.0,0.8,0.9523809523809523,0.9
0.3840000000000002,20,8,2,0,0.9333333333333333,0.9090909090909091,1.0,0.8,0.9523809523809523,0.9
0.3850000000000002,20,8,2,0,0.9333333333333333,0.9090909090909091,1.0,0.8,0.9523809523809523,0.9
0.3860000000000002,20,8,2,0,0.9333333333333333,0.9090909090909091,1.0,0.8,0.9523809523809523,0.9
0.3870000000000002,20,8,2,0,0.9333333333333333,0.9090909090909091,1.0,0.8,0.9523809523809523,0.9
0.3880000000000002,20,8,2,0,0.9333333333333333,0.9090909090909091,1.0,0.8,0.9523809523809523,0.9
0.3890000000000002,20,8,2,0,0.9333333333333333,0.9090909090909091,1.0,0.8,0.9523809523809523,0.9
0.3900000000000002,20,8,2,0,0.9333333333333333,0.9090909090909091,1.0,0.8,0.9523809523809523,0.9
0.3910000000000002,20,8,2,0,0.9333333333333333,0.9090909090909091,1.0,0.8,0.9523809523809523,0.9
0.3920000000000002,20,8,2,0,0.9333333333333333,0.9090909090909091,1.0,0.8,0.9523809523809523,0.9
0.3930000000000002,20,8,2,0,0.9333333333333333,0.9090909090909091,1.0,0.8,0.9523809523809523,0.9
0.3940000000000002,20,8,2,0,0.9333333333333333,0.9090909090909091,1.0,0.8,0.9523809523809523,0.9
0.3950000000000002,20,8,2,0,0.9333333333333333,0.9090909090909091,1.0,0.8,0.9523809523809523,0.9
0.3960000000000002,20,8,2,0,0.9333333333333333,0.9090909090909091,1.0,0.8,0.9523809523809523,0.9
0.3970000000000002,20,8,2,0,0.9333333333333333,0.9090909090909091,1.0,0.8,0.9523809523809523,0.9
0.3980000000000002,20,8,2,0,0.9333333333333333,0.9090909090909091,1.0,0.8,0.9523809523809523,0.9
0.3990000000000002,20,8,2,0,0.9333333333333333,0.9090909090909091,1.0,0.8,0.9523809523809523,0.9
0.4000000000000002,20,8,2,0,0.9333333333333333,0.9090909090909091,1.0,0.8,0.9523809523809523,0.9
0.4010000000000002,20,8,2,0,0.9333333333333333,0.9090909090909091,1.0,0.8,0.9523809523809523,0.9
0.4020000000000002,20,8,2,0,0.9333333333333333,0.9090909090909091,1.0,0.8,0.9523809523809523,0.9
0.4030000000000002,20,8,2,0,0.9333333333333333,0.9090909090909091,1.0,0.8,0.9523809523809523,0.9
0.4040000000000002,20,8,2,0,0.9333333333333333,0.9090909090909091,1.0,0.8,0.9523809523809523,0.9
0.4050000000000002,20,8,2,0,0.9333333333333333,0.9090909090909091,1.0,0.8,0.9523809523809523,0.9
0.4060000000000002,20,8,2,0,0.9333333333333333,0.9090909090909091,1.0,0.8,0.9523809523809523,0.9
0.4070000000000002,20,8,2,0,0.9333333333333333,0.9090909090909091,1.0,0.8,0.9523809523809523,0.9
0.4080000000000002,20,8,2,0,0.9333333333333333,0.9090909090909091,1.0,0.8,0.9523809523809523,0.9
0.4090000000000002,20,8,2,0,0.9333333333333333,0.9090909090909091,1.0,0.8,0.9523809523809523,0.9
0.4100000000000002,20,8,2,0,0.9333333333333333,0.9090909090909091,1.0,0.8,0.9523809523809523,0.9
0.4110000000000002,20,8,2,0,0.9333333333333333,0.9090909090909091,1.0,0.8,0.9523809523809523,0.9
0.4120000000000002,20,8,2,0,0.9333333333333333,0.9090909090909091,1.0,0.8,0.9523809523809523,0.9
0.4130000000000002,20,8,2,0,0.9333333333333333,0.9090909090909091,1.0,0.8,0.9523809523809523,0.9
0.4140000000000002,20,8,2,0,0.9333333333333333,0.9090909090909091,1.0,0.8,0.9523809523809523,0.9
0.4150000000000002,20,8,2,0,0.9333333333333333,0.9090909090909091,1.0,0.8,0.9523809523809523,0.9
0.4160000000000002,20,8,2,0,0.9333333333333333,0.9090909090909091,1.0,0.8,0.9523809523809523,0.9
0.4170000000000002,20,8,2,0,0.9333333333333333,0.9090909090909091,1.0,0.8,0.9523809523809523,0.9
0.4180000000000002,20,8,2,0,0.9333333333333333,0.9090909090909091,1.0,0.8,0.9523809523809523,0.9
0.4190000000000002,20,8,2,0,0.9333333333333333,0.9090909090909091,1.0,0.8,0.9523809523809523,0.9
0.4200000000000002,20,8,2,0,0.9333333333333333,0.9090909090909091,1.0,0.8,0.9523809523809523,0.9
0.4210000000000002,20,8,2,0,0.9333333333333333,0.9090909090909091,1.0,0.8,0.9523809523809523,0.9
0.4220000000000002,20,8,2,0,0.9333333333333333,0.9090909090909091,1.0,0.8,0.9523809523809523,0.9
0.4230000000000002,20,8,2,0,0.9333333333333333,0.9090909090909091,1.0,0.8,0.9523809523809523,0.9
0.4240000000000002,20,8,2,0,0.9333333333333333,0.9090909090909091,1.0,0.8,0.9523809523809523,0.9
0.4250000000000002,20,8,2,0,0.9333333333333333,0.9090909090909091,1.0,0.8,0.9523809523809523,0.9
0.4260000000000002,20,8,2,0,0.9333333333333333,0.9090909090909091,1.0,0.8,0.9523809523809523,0.9
0.4270000000000002,20,8,2,0,0.9333333333333333,0.9090909090909091,1.0,0.8,0.9523809523809523,0.9
0.4280000000000002,20,8,2,0,0.9333333333333333,0.9090909090909091,1.0,0.8,0.9523809523809523,0.9
0.4290000000000002,20,8,2,0,0.9333333333333333,0.9090909090909091,1.0,0.8,0.9523809523809523,0.9
0.4300000000000002,20,8,2,0,0.9333333333333333,0.9090909090909091,1.0,0.8,0.9523809523809523,0.9
0.4310000000000002,20,8,2,0,0.9333333333333333,0.9090909090909091,1.0,0.8,0.9523809523809523,0.9
0.4320000000000002,20,9,1,0,0.9666666666666667,0.9523809523809523,1.0,0.9,0.975609756097561,0.95
0.4330000000000002,20,9,1,0,0.9666666666666667,0.9523809523809523,1.0,0.9,0.975609756097561,0.95
0.4340000000000002,20,9,1,0,0.9666666666666667,0.9523809523809523,1.0,0.9,0.975609756097561,0.95
0.4350000000000002,20,9,1,0,0.9666666666666667,0.9523809523809523,1.0,0.9,0.975609756097561,0.95
0.4360000000000002,20,9,1,0,0.9666666666666667,0.9523809523809523,1.0,0.9,0.975609756097561,0.95
0.4370000000000002,20,9,1,0,0.9666666666666667,0.9523809523809523,1.0,0.9,0.975609756097561,0.95
0.4380000000000002,20,9,1,0,0.9666666666666667,0.9523809523809523,1.0,0.9,0.975609756097561,0.95
0.4390000000000002,20,9,1,0,0.9666666666666667,0.9523809523809523,1.0,0.9,0.975609756097561,0.95
0.4400000000000002,20,9,1,0,0.9666666666666667,0.9523809523809523,1.0,0.9,0.975609756097561,0.95
0.4410000000000002,20,9,1,0,0.9666666666666667,0.9523809523809523,1.0,0.9,0.975609756097561,0.95
0.4420000000000002,20,9,1,0,0.9666666666666667,0.9523809523809523,1.0,0.9,0.975609756097561,0.95
0.4430000000000002,20,9,1,0,0.9666666666666667,0.9523809523809523,1.0,0.9,0.975609756097561,0.95
0.44400000000000023,20,9,1,0,0.9666666666666667,0.9523809523809523,1.0,0.9,0.975609756097561,0.95
0.44500000000000023,20,9,1,0,0.9666666666666667,0.9523809523809523,1.0,0.9,0.975609756097561,0.95
0.44600000000000023,20,9,1,0,0.9666666666666667,0.9523809523809523,1.0,0.9,0.975609756097561,0.95
0.44700000000000023,20,9,1,0,0.9666666666666667,0.9523809523809523,1.0,0.9,0.975609756097561,0.95
0.44800000000000023,20,9,1,0,0.9666666666666667,0.9523809523809523,1.0,0.9,0.975609756097561,0.95
0.44900000000000023,20,9,1,0,0.9666666666666667,0.9523809523809523,1.0,0.9,0.975609756097561,0.95
0.45000000000000023,20,9,1,0,0.9666666666666667,0.9523809523809523,1.0,0.9,0.975609756097561,0.95
0.45100000000000023,20,9,1,0,0.9666666666666667,0.9523809523809523,1.0,0.9,0.975609756097561,0.95
0.45200000000000023,20,9,1,0,0.9666666666666667,0.9523809523809523,1.0,0.9,0.975609756097561,0.95
0.45300000000000024,20,9,1,0,0.9666666666666667,0.9523809523809523,1.0,0.9,0.975609756097561,0.95
0.45400000000000024,20,9,1,0,0.9666666666666667,0.9523809523809523,1.0,0.9,0.975609756097561,0.95
0.45500000000000024,20,9,1,0,0.9666666666666667,0.9523809523809523,1.0,0.9,0.975609756097561,0.95
0.45600000000000024,20,9,1,0,0.9666666666666667,0.9523809523809523,1.0,0.9,0.975609756097561,0.95
0.45700000000000024,20,9,1,0,0.9666666666666667,0.9523809523809523,1.0,0.9,0.975609756097561,0.95
0.45800000000000024,20,9,1,0,0.9666666666666667,0.9523809523809523,1.0,0.9,0.975609756097561,0.95
0.45900000000000024,20,9,1,0,0.9666666666666667,0.9523809523809523,1.0,0.9,0.975609756097561,0.95
0.46000000000000024,20,9,1,0,0.9666666666666667,0.9523809523809523,1.0,0.9,0.975609756097561,0.95
0.46100000000000024,20,9,1,0,0.9666666666666667,0.9523809523809523,1.0,0.9,0.975609756097561,0.95
0.46200000000000024,20,9,1,0,0.9666666666666667,0.9523809523809523,1.0,0.9,0.975609756097561,0.95
0.46300000000000024,20,9,1,0,0.9666666666666667,0.9523809523809523,1.0,0.9,0.975609756097561,0.95
0.46400000000000025,20,9,1,0,0.9666666666666667,0.9523809523809523,1.0,0.9,0.975609756097561,0.95
0.46500000000000025,20,9,1,0,0.9666666666666667,0.9523809523809523,1.0,0.9,0.975609756097561,0.95
0.46600000000000025,20,9,1,0,0.9666666666666667,0.9523809523809523,1.0,0.9,0.975609756097561,0.95
0.46700000000000025,20,9,1,0,0.9666666666666667,0.9523809523809523,1.0,0.9,0.975609756097561,0.95
0.46800000000000025,20,9,1,0,0.9666666666666667,0.9523809523809523,1.0,0.9,0.975609756097561,0.95
0.46900000000000025,20,9,1,0,0.9666666666666667,0.9523809523809523,1.0,0.9,0.975609756097561,0.95
0.47000000000000025,20,9,1,0,0.9666666666666667,0.9523809523809523,1.0,0.9,0.975609756097561,0.95
0.47100000000000025,20,9,1,0,0.9666666666666667,0.9523809523809523,1.0,0.9,0.975609756097561,0.95
0.47200000000000025,20,9,1,0,0.9666666666666667,0.9523809523809523,1.0,0.9,0.975609756097561,0.95
0.47300000000000025,20,9,1,0,0.9666666666666667,0.9523809523809523,1.0,0.9,0.975609756097561,0.95
0.47400000000000025,20,9,1,0,0.9666666666666667,0.9523809523809523,1.0,0.9,0.975609756097561,0.95
0.47500000000000026,20,9,1,0,0.9666666666666667,0.9523809523809523,1.0,0.9,0.975609756097561,0.95
0.47600000000000026,20,9,1,0,0.9666666666666667,0.9523809523809523,1.0,0.9,0.975609756097561,0.95
0.47700000000000026,20,9,1,0,0.9666666666666667,0.9523809523809523,1.0,0.9,0.975609756097561,0.95
0.47800000000000026,20,9,1,0,0.9666666666666667,0.9523809523809523,1.0,0.9,0.975609756097561,0.95
0.47900000000000026,20,9,1,0,0.9666666666666667,0.9523809523809523,1.0,0.9,0.975609756097561,0.95
0.48000000000000026,20,9,1,0,0.9666666666666667,0.9523809523809523,1.0,0.9,0.975609756097561,0.95
0.48100000000000026,20,9,1,0,0.9666666666666667,0.9523809523809523,1.0,0.9,0.975609756097561,0.95
0.48200000000000026,20,9,1,0,0.9666666666666667,0.9523809523809523,1.0,0.9,0.975609756097561,0.95
0.48300000000000026,20,9,1,0,0.9666666666666667,0.9523809523809523,1.0,0.9,0.975609756097561,0.95
0.48400000000000026,20,9,1,0,0.9666666666666667,0.9523809523809523,1.0,0.9,0.975609756097561,0.95
0.48500000000000026,20,9,1,0,0.9666666666666667,0.9523809523809523,1.0,0.9,0.975609756097561,0.95
0.48600000000000027,20,9,1,0,0.9666666666666667,0.9523809523809523,1.0,0.9,0.975609756097561,0.95
0.48700000000000027,20,9,1,0,0.9666666666666667,0.9523809523809523,1.0,0.9,0.975609756097561,0.95
0.48800000000000027,20,9,1,0,0.9666666666666667,0.9523809523809523,1.0,0.9,0.975609756097561,0.95
0.48900000000000027,20,9,1,0,0.9666666666666667,0.9523809523809523,1.0,0.9,0.975609756097561,0.95
0.49000000000000027,20,9,1,0,0.9666666666666667,0.9523809523809523,1.0,0.9,0.975609756097561,0.95
0.49100000000000027,20,9,1,0,0.9666666666666667,0.9523809523809523,1.0,0.9,0.975609756097561,0.95
0.49200000000000027,20,9,1,0,0.9666666666666667,0.9523809523809523,1.0,0.9,0.975609756097561,0.95
0.49300000000000027,20,9,1,0,0.9666666666666667,0.9523809523809523,1.0,0.9,0.975609756097561,0.95
0.49400000000000027,20,9,1,0,0.9666666666666667,0.9523809523809523,1.0,0.9,0.975609756097561,0.95
0.4950000000000003,20,9,1,0,0.9666666666666667,0.9523809523809523,1.0,0.9,0.975609756097561,0.95
0.4960000000000003,20,9,1,0,0.9666666666666667,0.9523809523809523,1.0,0.9,0.975609756097561,0.95
0.4970000000000003,20,9,1,0,0.9666666666666667,0.9523809523809523,1.0,0.9,0.975609756097561,0.95
0.4980000000000003,20,9,1,0,0.9666666666666667,0.9523809523809523,1.0,0.9,0.975609756097561,0.95
0.4990000000000003,20,9,1,0,0.9666666666666667,0.9523809523809523,1.0,0.9,0.975609756097561,0.95
0.5000000000000002,20,9,1,0,0.9666666666666667,0.9523809523809523,1.0,0.9,0.975609756097561,0.95
0.5010000000000003,20,9,1,0,0.9666666666666667,0.9523809523809523,1.0,0.9,0.975609756097561,0.95
0.5020000000000002,20,9,1,0,0.9666666666666667,0.9523809523809523,1.0,0.9,0.975609756097561,0.95
0.5030000000000003,20,9,1,0,0.9666666666666667,0.9523809523809523,1.0,0.9,0.975609756097561,0.95
0.5040000000000002,20,9,1,0,0.9666666666666667,0.9523809523809523,1.0,0.9,0.975609756097561,0.95
0.5050000000000003,20,9,1,0,0.9666666666666667,0.9523809523809523,1.0,0.9,0.975609756097561,0.95
0.5060000000000002,20,9,1,0,0.9666666666666667,0.9523809523809523,1.0,0.9,0.975609756097561,0.95
0.5070000000000003,20,9,1,0,0.9666666666666667,0.9523809523809523,1.0,0.9,0.975609756097561,0.95
0.5080000000000002,20,9,1,0,0.9666666666666667,0.9523809523809523,1.0,0.9,0.975609756097561,0.95
0.5090000000000003,20,9,1,0,0.9666666666666667,0.9523809523809523,1.0,0.9,0.975609756097561,0.95
0.5100000000000002,20,9,1,0,0.9666666666666667,0.9523809523809523,1.0,0.9,0.975609756097561,0.95
0.5110000000000003,20,9,1,0,0.9666666666666667,0.9523809523809523,1.0,0.9,0.975609756097561,0.95
0.5120000000000002,20,9,1,0,0.9666666666666667,0.9523809523809523,1.0,0.9,0.975609756097561,0.95
0.5130000000000003,20,9,1,0,0.9666666666666667,0.9523809523809523,1.0,0.9,0.975609756097561,0.95
0.5140000000000002,20,9,1,0,0.9666666666666667,0.9523809523809523,1.0,0.9,0.975609756097561,0.95
0.5150000000000003,20,9,1,0,0.9666666666666667,0.9523809523809523,1.0,0.9,0.975609756097561,0.95
0.5160000000000002,20,9,1,0,0.9666666666666667,0.9523809523809523,1.0,0.9,0.975609756097561,0.95
0.5170000000000003,20,9,1,0,0.9666666666666667,0.9523809523809523,1.0,0.9,0.975609756097561,0.95
0.5180000000000002,20,9,1,0,0.9666666666666667,0.9523809523809523,1.0,0.9,0.975609756097561,0.95
0.5190000000000003,20,9,1,0,0.9666666666666667,0.9523809523809523,1.0,0.9,0.975609756097561,0.95
0.5200000000000002,20,9,1,0,0.9666666666666667,0.9523809523809523,1.0,0.9,0.975609756097561,0.95
0.5210000000000004,20,9,1,0,0.9666666666666667,0.9523809523809523,1.0,0.9,0.975609756097561,0.95
0.5220000000000002,20,9,1,0,0.9666666666666667,0.9523809523809523,1.0,0.9,0.975609756097561,0.95
0.5230000000000004,20,9,1,0,0.9666666666666667,0.9523809523809523,1.0,0.9,0.975609756097561,0.95
0.5240000000000002,20,9,1,0,0.9666666666666667,0.9523809523809523,1.0,0.9,0.975609756097561,0.95
0.5250000000000004,20,9,1,0,0.9666666666666667,0.9523809523809523,1.0,0.9,0.975609756097561,0.95
0.5260000000000002,20,9,1,0,0.9666666666666667,0.9523809523809523,1.0,0.9,0.975609756097561,0.95
0.5270000000000004,20,9,1,0,0.9666666666666667,0.9523809523809523,1.0,0.9,0.975609756097561,0.95
0.5280000000000002,20,9,1,0,0.9666666666666667,0.9523809523809523,1.0,0.9,0.975609756097561,0.95
0.5290000000000004,20,9,1,0,0.9666666666666667,0.9523809523809523,1.0,0.9,0.975609756097561,0.95
0.5300000000000002,20,9,1,0,0.9666666666666667,0.9523809523809523,1.0,0.9,0.975609756097561,0.95
0.5310000000000004,20,9,1,0,0.9666666666666667,0.9523809523809523,1.0,0.9,0.975609756097561,0.95
0.5320000000000003,20,9,1,0,0.9666666666666667,0.9523809523809523,1.0,0.9,0.975609756097561,0.95
0.5330000000000004,20,9,1,0,0.9666666666666667,0.9523809523809523,1.0,0.9,0.975609756097561,0.95
0.5340000000000003,20,9,1,0,0.9666666666666667,0.9523809523809523,1.0,0.9,0.975609756097561,0.95
0.5350000000000004,20,10,0,0,1.0,1.0,1.0,1.0,1.0,1.0
0.5360000000000003,20,10,0,0,1.0,1.0,1.0,1.0,1.0,1.0
0.5370000000000004,20,10,0,0,1.0,1.0,1.0,1.0,1.0,1.0
0.5380000000000003,20,10,0,0,1.0,1.0,1.0,1.0,1.0,1.0
0.5390000000000004,20,10,0,0,1.0,1.0,1.0,1.0,1.0,1.0
0.5400000000000003,20,10,0,0,1.0,1.0,1.0,1.0,1.0,1.0
0.5410000000000004,20,10,0,0,1.0,1.0,1.0,1.0,1.0,1.0
0.5420000000000003,20,10,0,0,1.0,1.0,1.0,1.0,1.0,1.0
0.5430000000000004,20,10,0,0,1.0,1.0,1.0,1.0,1.0,1.0
0.5440000000000003,20,10,0,0,1.0,1.0,1.0,1.0,1.0,1.0
0.5450000000000004,20,10,0,0,1.0,1.0,1.0,1.0,1.0,1.0
0.5460000000000003,20,10,0,0,1.0,1.0,1.0,1.0,1.0,1.0
0.5470000000000004,20,10,0,0,1.0,1.0,1.0,1.0,1.0,1.0
0.5480000000000003,20,10,0,0,1.0,1.0,1.0,1.0,1.0,1.0
0.5490000000000004,20,10,0,0,1.0,1.0,1.0,1.0,1.0,1.0
0.5500000000000003,20,10,0,0,1.0,1.0,1.0,1.0,1.0,1.0
0.5510000000000004,20,10,0,0,1.0,1.0,1.0,1.0,1.0,1.0
0.5520000000000003,20,10,0,0,1.0,1.0,1.0,1.0,1.0,1.0
0.5530000000000004,20,10,0,0,1.0,1.0,1.0,1.0,1.0,1.0
0.5540000000000003,20,10,0,0,1.0,1.0,1.0,1.0,1.0,1.0
0.5550000000000004,20,10,0,0,1.0,1.0,1.0,1.0,1.0,1.0
0.5560000000000003,20,10,0,0,1.0,1.0,1.0,1.0,1.0,1.0
0.5570000000000004,20,10,0,0,1.0,1.0,1.0,1.0,1.0,1.0
0.5580000000000003,20,10,0,0,1.0,1.0,1.0,1.0,1.0,1.0
0.5590000000000004,20,10,0,0,1.0,1.0,1.0,1.0,1.0,1.0
0.5600000000000003,20,10,0,0,1.0,1.0,1.0,1.0,1.0,1.0
0.5610000000000004,20,10,0,0,1.0,1.0,1.0,1.0,1.0,1.0
0.5620000000000003,20,10,0,0,1.0,1.0,1.0,1.0,1.0,1.0
0.5630000000000004,20,10,0,0,1.0,1.0,1.0,1.0,1.0,1.0
0.5640000000000003,20,10,0,0,1.0,1.0,1.0,1.0,1.0,1.0
0.5650000000000004,20,10,0,0,1.0,1.0,1.0,1.0,1.0,1.0
0.5660000000000003,20,10,0,0,1.0,1.0,1.0,1.0,1.0,1.0
0.5670000000000004,20,10,0,0,1.0,1.0,1.0,1.0,1.0,1.0
0.5680000000000003,20,10,0,0,1.0,1.0,1.0,1.0,1.0,1.0
0.5690000000000004,20,10,0,0,1.0,1.0,1.0,1.0,1.0,1.0
0.5700000000000003,20,10,0,0,1.0,1.0,1.0,1.0,1.0,1.0
0.5710000000000004,20,10,0,0,1.0,1.0,1.0,1.0,1.0,1.0
0.5720000000000003,20,10,0,0,1.0,1.0,1.0,1.0,1.0,1.0
0.5730000000000004,20,10,0,0,1.0,1.0,1.0,1.0,1.0,1.0
0.5740000000000003,20,10,0,0,1.0,1.0,1.0,1.0,1.0,1.0
0.5750000000000004,20,10,0,0,1.0,1.0,1.0,1.0,1.0,1.0
0.5760000000000003,20,10,0,0,1.0,1.0,1.0,1.0,1.0,1.0
0.5770000000000004,20,10,0,0,1.0,1.0,1.0,1.0,1.0,1.0
0.5780000000000003,20,10,0,0,1.0,1.0,1.0,1.0,1.0,1.0
0.5790000000000004,20,10,0,0,1.0,1.0,1.0,1.0,1.0,1.0
0.5800000000000003,20,10,0,0,1.0,1.0,1.0,1.0,1.0,1.0
0.5810000000000004,20,10,0,0,1.0,1.0,1.0,1.0,1.0,1.0
0.5820000000000003,20,10,0,0,1.0,1.0,1.0,1.0,1.0,1.0
0.5830000000000004,20,10,0,0,1.0,1.0,1.0,1.0,1.0,1.0
0.5840000000000003,20,10,0,0,1.0,1.0,1.0,1.0,1.0,1.0
0.5850000000000004,20,10,0,0,1.0,1.0,1.0,1.0,1.0,1.0
0.5860000000000003,20,10,0,0,1.0,1.0,1.0,1.0,1.0,1.0
0.5870000000000004,20,10,0,0,1.0,1.0,1.0,1.0,1.0,1.0
0.5880000000000003,20,10,0,0,1.0,1.0,1.0,1.0,1.0,1.0
0.5890000000000004,20,10,0,0,1.0,1.0,1.0,1.0,1.0,1.0
0.5900000000000003,20,10,0,0,1.0,1.0,1.0,1.0,1.0,1.0
0.5910000000000004,20,10,0,0,1.0,1.0,1.0,1.0,1.0,1.0
0.5920000000000003,20,10,0,0,1.0,1.0,1.0,1.0,1.0,1.0
0.5930000000000004,20,10,0,0,1.0,1.0,1.0,1.0,1.0,1.0
0.5940000000000003,20,10,0,0,1.0,1.0,1.0,1.0,1.0,1.0
0.5950000000000004,20,10,0,0,1.0,1.0,1.0,1.0,1.0,1.0
0.5960000000000003,20,10,0,0,1.0,1.0,1.0,1.0,1.0,1.0
0.5970000000000004,20,10,0,0,1.0,1.0,1.0,1.0,1.0,1.0
0.5980000000000003,20,10,0,0,1.0,1.0,1.0,1.0,1.0,1.0
0.5990000000000004,20,10,0,0,1.0,1.0,1.0,1.0,1.0,1.0
0.6000000000000003,20,10,0,0,1.0,1.0,1.0,1.0,1.0,1.0
0.6010000000000004,20,10,0,0,1.0,1.0,1.0,1.0,1.0,1.0
0.6020000000000003,20,10,0,0,1.0,1.0,1.0,1.0,1.0,1.0
0.6030000000000004,20,10,0,0,1.0,1.0,1.0,1.0,1.0,1.0
0.6040000000000003,20,10,0,0,1.0,1.0,1.0,1.0,1.0,1.0
0.6050000000000004,19,10,0,1,0.9666666666666667,1.0,0.95,1.0,0.9743589743589743,0.975
0.6060000000000003,19,10,0,1,0.9666666666666667,1.0,0.95,1.0,0.9743589743589743,0.975
0.6070000000000004,19,10,0,1,0.9666666666666667,1.0,0.95,1.0,0.9743589743589743,0.975
0.6080000000000003,19,10,0,1,0.9666666666666667,1.0,0.95,1.0,0.9743589743589743,0.975
0.6090000000000004,19,10,0,1,0.9666666666666667,1.0,0.95,1.0,0.9743589743589743,0.975
0.6100000000000003,19,10,0,1,0.9666666666666667,1.0,0.95,1.0,0.9743589743589743,0.975
0.6110000000000004,19,10,0,1,0.9666666666666667,1.0,0.95,1.0,0.9743589743589743,0.975
0.6120000000000003,19,10,0,1,0.9666666666666667,1.0,0.95,1.0,0.9743589743589743,0.975
0.6130000000000004,19,10,0,1,0.9666666666666667,1.0,0.95,1.0,0.9743589743589743,0.975
0.6140000000000003,19,10,0,1,0.9666666666666667,1.0,0.95,1.0,0.9743589743589743,0.975
0.6150000000000004,19,10,0,1,0.9666666666666667,1.0,0.95,1.0,0.9743589743589743,0.975
0.6160000000000003,19,10,0,1,0.9666666666666667,1.0,0.95,1.0,0.9743589743589743,0.975
0.6170000000000004,19,10,0,1,0.9666666666666667,1.0,0.95,1.0,0.9743589743589743,0.975
0.6180000000000003,19,10,0,1,0.9666666666666667,1.0,0.95,1.0,0.9743589743589743,0.975
0.6190000000000004,19,10,0,1,0.9666666666666667,1.0,0.95,1.0,0.9743589743589743,0.975
0.6200000000000003,19,10,0,1,0.9666666666666667,1.0,0.95,1.0,0.9743589743589743,0.975
0.6210000000000004,19,10,0,1,0.9666666666666667,1.0,0.95,1.0,0.9743589743589743,0.975
0.6220000000000003,19,10,0,1,0.9666666666666667,1.0,0.95,1.0,0.9743589743589743,0.975
0.6230000000000004,19,10,0,1,0.9666666666666667,1.0,0.95,1.0,0.9743589743589743,0.975
0.6240000000000003,19,10,0,1,0.9666666666666667,1.0,0.95,1.0,0.9743589743589743,0.975
0.6250000000000004,19,10,0,1,0.9666666666666667,1.0,0.95,1.0,0.9743589743589743,0.975
0.6260000000000003,19,10,0,1,0.9666666666666667,1.0,0.95,1.0,0.9743589743589743,0.975
0.6270000000000004,19,10,0,1,0.9666666666666667,1.0,0.95,1.0,0.9743589743589743,0.975
0.6280000000000003,19,10,0,1,0.9666666666666667,1.0,0.95,1.0,0.9743589743589743,0.975
0.6290000000000004,19,10,0,1,0.9666666666666667,1.0,0.95,1.0,0.9743589743589743,0.975
0.6300000000000003,19,10,0,1,0.9666666666666667,1.0,0.95,1.0,0.9743589743589743,0.975
0.6310000000000004,19,10,0,1,0.9666666666666667,1.0,0.95,1.0,0.9743589743589743,0.975
0.6320000000000003,19,10,0,1,0.9666666666666667,1.0,0.95,1.0,0.9743589743589743,0.975
0.6330000000000005,19,10,0,1,0.9666666666666667,1.0,0.95,1.0,0.9743589743589743,0.975
0.6340000000000003,19,10,0,1,0.9666666666666667,1.0,0.95,1.0,0.9743589743589743,0.975
0.6350000000000005,19,10,0,1,0.9666666666666667,1.0,0.95,1.0,0.9743589743589743,0.975
0.6360000000000003,19,10,0,1,0.9666666666666667,1.0,0.95,1.0,0.9743589743589743,0.975
0.6370000000000005,19,10,0,1,0.9666666666666667,1.0,0.95,1.0,0.9743589743589743,0.975
0.6380000000000003,19,10,0,1,0.9666666666666667,1.0,0.95,1.0,0.9743589743589743,0.975
0.6390000000000005,19,10,0,1,0.9666666666666667,1.0,0.95,1.0,0.9743589743589743,0.975
0.6400000000000003,19,10,0,1,0.9666666666666667,1.0,0.95,1.0,0.9743589743589743,0.975
0.6410000000000005,19,10,0,1,0.9666666666666667,1.0,0.95,1.0,0.9743589743589743,0.975
0.6420000000000003,19,10,0,1,0.9666666666666667,1.0,0.95,1.0,0.9743589743589743,0.975
0.6430000000000005,19,10,0,1,0.9666666666666667,1.0,0.95,1.0,0.9743589743589743,0.975
0.6440000000000003,19,10,0,1,0.9666666666666667,1.0,0.95,1.0,0.9743589743589743,0.975
0.6450000000000005,19,10,0,1,0.9666666666666667,1.0,0.95,1.0,0.9743589743589743,0.975
0.6460000000000004,19,10,0,1,0.9666666666666667,1.0,0.95,1.0,0.9743589743589743,0.975
0.6470000000000005,19,10,0,1,0.9666666666666667,1.0,0.95,1.0,0.9743589743589743,0.975
0.6480000000000004,19,10,0,1,0.9666666666666667,1.0,0.95,1.0,0.9743589743589743,0.975
0.6490000000000005,19,10,0,1,0.9666666666666667,1.0,0.95,1.0,0.9743589743589743,0.975
0.6500000000000004,19,10,0,1,0.9666666666666667,1.0,0.95,1.0,0.9743589743589743,0.975
0.6510000000000005,19,10,0,1,0.9666666666666667,1.0,0.95,1.0,0.9743589743589743,0.975
0.6520000000000004,19,10,0,1,0.9666666666666667,1.0,0.95,1.0,0.9743589743589743,0.975
0.6530000000000005,19,10,0,1,0.9666666666666667,1.0,0.95,1.0,0.9743589743589743,0.975
0.6540000000000004,19,10,0,1,0.9666666666666667,1.0,0.95,1.0,0.9743589743589743,0.975
0.6550000000000005,19,10,0,1,0.9666666666666667,1.0,0.95,1.0,0.9743589743589743,0.975
0.6560000000000004,19,10,0,1,0.9666666666666667,1.0,0.95,1.0,0.9743589743589743,0.975
0.6570000000000005,19,10,0,1,0.9666666666666667,1.0,0.95,1.0,0.9743589743589743,0.975
0.6580000000000004,19,10,0,1,0.9666666666666667,1.0,0.95,1.0,0.9743589743589743,0.975
0.6590000000000005,19,10,0,1,0.9666666666666667,1.0,0.95,1.0,0.9743589743589743,0.975
0.6600000000000004,19,10,0,1,0.9666666666666667,1.0,0.95,1.0,0.9743589743589743,0.975
0.6610000000000005,19,10,0,1,0.9666666666666667,1.0,0.95,1.0,0.9743589743589743,0.975
0.6620000000000004,18,10,0,2,0.9333333333333333,1.0,0.9,1.0,0.9473684210526316,0.95
0.6630000000000005,18,10,0,2,0.9333333333333333,1.0,0.9,1.0,0.9473684210526316,0.95
0.6640000000000004,18,10,0,2,0.9333333333333333,1.0,0.9,1.0,0.9473684210526316,0.95
0.6650000000000005,18,10,0,2,0.9333333333333333,1.0,0.9,1.0,0.9473684210526316,0.95
0.6660000000000004,17,10,0,3,0.9,1.0,0.85,1.0,0.9189189189189189,0.925
0.6670000000000005,17,10,0,3,0.9,1.0,0.85,1.0,0.9189189189189189,0.925
0.6680000000000004,17,10,0,3,0.9,1.0,0.85,1.0,0.9189189189189189,0.925
0.6690000000000005,17,10,0,3,0.9,1.0,0.85,1.0,0.9189189189189189,0.925
0.6700000000000004,17,10,0,3,0.9,1.0,0.85,1.0,0.9189189189189189,0.925
0.6710000000000005,17,10,0,3,0.9,1.0,0.85,1.0,0.9189189189189189,0.925
0.6720000000000004,17,10,0,3,0.9,1.0,0.85,1.0,0.9189189189189189,0.925
0.6730000000000005,17,10,0,3,0.9,1.0,0.85,1.0,0.9189189189189189,0.925
0.6740000000000004,17,10,0,3,0.9,1.0,0.85,1.0,0.9189189189189189,0.925
0.6750000000000005,16,10,0,4,0.8666666666666667,1.0,0.8,1.0,0.888888888888889,0.9
0.6760000000000004,16,10,0,4,0.8666666666666667,1.0,0.8,1.0,0.888888888888889,0.9
0.6770000000000005,16,10,0,4,0.8666666666666667,1.0,0.8,1.0,0.888888888888889,0.9
0.6780000000000004,16,10,0,4,0.8666666666666667,1.0,0.8,1.0,0.888888888888889,0.9
0.6790000000000005,16,10,0,4,0.8666666666666667,1.0,0.8,1.0,0.888888888888889,0.9
0.6800000000000004,16,10,0,4,0.8666666666666667,1.0,0.8,1.0,0.888888888888889,0.9
0.6810000000000005,16,10,0,4,0.8666666666666667,1.0,0.8,1.0,0.888888888888889,0.9
0.6820000000000004,16,10,0,4,0.8666666666666667,1.0,0.8,1.0,0.888888888888889,0.9
0.6830000000000005,16,10,0,4,0.8666666666666667,1.0,0.8,1.0,0.888888888888889,0.9
0.6840000000000004,16,10,0,4,0.8666666666666667,1.0,0.8,1.0,0.888888888888889,0.9
0.6850000000000005,16,10,0,4,0.8666666666666667,1.0,0.8,1.0,0.888888888888889,0.9
0.6860000000000004,16,10,0,4,0.8666666666666667,1.0,0.8,1.0,0.888888888888889,0.9
0.6870000000000005,16,10,0,4,0.8666666666666667,1.0,0.8,1.0,0.888888888888889,0.9
0.6880000000000004,16,10,0,4,0.8666666666666667,1.0,0.8,1.0,0.888888888888889,0.9
0.6890000000000005,16,10,0,4,0.8666666666666667,1.0,0.8,1.0,0.888888888888889,0.9
0.6900000000000004,16,10,0,4,0.8666666666666667,1.0,0.8,1.0,0.888888888888889,0.9
0.6910000000000005,16,10,0,4,0.8666666666666667,1.0,0.8,1.0,0.888888888888889,0.9
0.6920000000000004,16,10,0,4,0.8666666666666667,1.0,0.8,1.0,0.888888888888889,0.9
0.6930000000000005,16,10,0,4,0.8666666666666667,1.0,0.8,1.0,0.888888888888889,0.9
0.6940000000000004,16,10,0,4,0.8666666666666667,1.0,0.8,1.0,0.888888888888889,0.9
0.6950000000000005,16,10,0,4,0.8666666666666667,1.0,0.8,1.0,0.888888888888889,0.9
0.6960000000000004,16,10,0,4,0.8666666666666667,1.0,0.8,1.0,0.888888888888889,0.9
0.6970000000000005,16,10,0,4,0.8666666666666667,1.0,0.8,1.0,0.888888888888889,0.9
0.6980000000000004,16,10,0,4,0.8666666666666667,1.0,0.8,1.0,0.888888888888889,0.9
0.6990000000000005,16,10,0,4,0.8666666666666667,1.0,0.8,1.0,0.888888888888889,0.9
0.7000000000000004,16,10,0,4,0.8666666666666667,1.0,0.8,1.0,0.888888888888889,0.9
0.7010000000000005,16,10,0,4,0.8666666666666667,1.0,0.8,1.0,0.888888888888889,0.9
0.7020000000000004,16,10,0,4,0.8666666666666667,1.0,0.8,1.0,0.888888888888889,0.9
0.7030000000000005,16,10,0,4,0.8666666666666667,1.0,0.8,1.0,0.888888888888889,0.9
0.7040000000000004,16,10,0,4,0.8666666666666667,1.0,0.8,1.0,0.888888888888889,0.9
0.7050000000000005,16,10,0,4,0.8666666666666667,1.0,0.8,1.0,0.888888888888889,0.9
0.7060000000000004,16,10,0,4,0.8666666666666667,1.0,0.8,1.0,0.888888888888889,0.9
0.7070000000000005,16,10,0,4,0.8666666666666667,1.0,0.8,1.0,0.888888888888889,0.9
0.7080000000000004,16,10,0,4,0.8666666666666667,1.0,0.8,1.0,0.888888888888889,0.9
0.7090000000000005,16,10,0,4,0.8666666666666667,1.0,0.8,1.0,0.888888888888889,0.9
0.7100000000000004,16,10,0,4,0.8666666666666667,1.0,0.8,1.0,0.888888888888889,0.9
0.7110000000000005,16,10,0,4,0.8666666666666667,1.0,0.8,1.0,0.888888888888889,0.9
0.7120000000000004,16,10,0,4,0.8666666666666667,1.0,0.8,1.0,0.888888888888889,0.9
0.7130000000000005,16,10,0,4,0.8666666666666667,1.0,0.8,1.0,0.888888888888889,0.9
0.7140000000000004,16,10,0,4,0.8666666666666667,1.0,0.8,1.0,0.888888888888889,0.9
0.7150000000000005,16,10,0,4,0.8666666666666667,1.0,0.8,1.0,0.888888888888889,0.9
0.7160000000000004,16,10,0,4,0.8666666666666667,1.0,0.8,1.0,0.888888888888889,0.9
0.7170000000000005,16,10,0,4,0.8666666666666667,1.0,0.8,1.0,0.888888888888889,0.9
0.7180000000000004,16,10,0,4,0.8666666666666667,1.0,0.8,1.0,0.888888888888889,0.9
0.7190000000000005,15,10,0,5,0.8333333333333334,1.0,0.75,1.0,0.8571428571428571,0.875
0.7200000000000004,15,10,0,5,0.8333333333333334,1.0,0.75,1.0,0.8571428571428571,0.875
0.7210000000000005,15,10,0,5,0.8333333333333334,1.0,0.75,1.0,0.8571428571428571,0.875
0.7220000000000004,15,10,0,5,0.8333333333333334,1.0,0.75,1.0,0.8571428571428571,0.875
0.7230000000000005,15,10,0,5,0.8333333333333334,1.0,0.75,1.0,0.8571428571428571,0.875
0.7240000000000004,15,10,0,5,0.8333333333333334,1.0,0.75,1.0,0.8571428571428571,0.875
0.7250000000000005,15,10,0,5,0.8333333333333334,1.0,0.75,1.0,0.8571428571428571,0.875
0.7260000000000004,15,10,0,5,0.8333333333333334,1.0,0.75,1.0,0.8571428571428571,0.875
0.7270000000000005,14,10,0,6,0.8,1.0,0.7,1.0,0.8235294117647058,0.85
0.7280000000000004,14,10,0,6,0.8,1.0,0.7,1.0,0.8235294117647058,0.85
0.7290000000000005,14,10,0,6,0.8,1.0,0.7,1.0,0.8235294117647058,0.85
0.7300000000000004,14,10,0,6,0.8,1.0,0.7,1.0,0.8235294117647058,0.85
0.7310000000000005,14,10,0,6,0.8,1.0,0.7,1.0,0.8235294117647058,0.85
0.7320000000000004,14,10,0,6,0.8,1.0,0.7,1.0,0.8235294117647058,0.85
0.7330000000000005,14,10,0,6,0.8,1.0,0.7,1.0,0.8235294117647058,0.85
0.7340000000000004,14,10,0,6,0.8,1.0,0.7,1.0,0.8235294117647058,0.85
0.7350000000000005,14,10,0,6,0.8,1.0,0.7,1.0,0.8235294117647058,0.85
0.7360000000000004,14,10,0,6,0.8,1.0,0.7,1.0,0.8235294117647058,0.85
0.7370000000000005,14,10,0,6,0.8,1.0,0.7,1.0,0.8235294117647058,0.85
0.7380000000000004,14,10,0,6,0.8,1.0,0.7,1.0,0.8235294117647058,0.85
0.7390000000000005,14,10,0,6,0.8,1.0,0.7,1.0,0.8235294117647058,0.85
0.7400000000000004,14,10,0,6,0.8,1.0,0.7,1.0,0.8235294117647058,0.85
0.7410000000000005,14,10,0,6,0.8,1.0,0.7,1.0,0.8235294117647058,0.85
0.7420000000000004,14,10,0,6,0.8,1.0,0.7,1.0,0.8235294117647058,0.85
0.7430000000000005,14,10,0,6,0.8,1.0,0.7,1.0,0.8235294117647058,0.85
0.7440000000000004,14,10,0,6,0.8,1.0,0.7,1.0,0.8235294117647058,0.85
0.7450000000000006,13,10,0,7,0.7666666666666667,1.0,0.65,1.0,0.787878787878788,0.825
0.7460000000000004,13,10,0,7,0.7666666666666667,1.0,0.65,1.0,0.787878787878788,0.825
0.7470000000000006,13,10,0,7,0.7666666666666667,1.0,0.65,1.0,0.787878787878788,0.825
0.7480000000000004,13,10,0,7,0.7666666666666667,1.0,0.65,1.0,0.787878787878788,0.825
0.7490000000000006,13,10,0,7,0.7666666666666667,1.0,0.65,1.0,0.787878787878788,0.825
0.7500000000000004,13,10,0,7,0.7666666666666667,1.0,0.65,1.0,0.787878787878788,0.825
0.7510000000000006,13,10,0,7,0.7666666666666667,1.0,0.65,1.0,0.787878787878788,0.825
0.7520000000000004,12,10,0,8,0.7333333333333333,1.0,0.6,1.0,0.7499999999999999,0.8
0.7530000000000006,12,10,0,8,0.7333333333333333,1.0,0.6,1.0,0.7499999999999999,0.8
0.7540000000000004,12,10,0,8,0.7333333333333333,1.0,0.6,1.0,0.7499999999999999,0.8
0.7550000000000006,12,10,0,8,0.7333333333333333,1.0,0.6,1.0,0.7499999999999999,0.8
0.7560000000000004,12,10,0,8,0.7333333333333333,1.0,0.6,1.0,0.7499999999999999,0.8
0.7570000000000006,12,10,0,8,0.7333333333333333,1.0,0.6,1.0,0.7499999999999999,0.8
0.7580000000000005,11,10,0,9,0.7,1.0,0.55,1.0,0.7096774193548387,0.775
0.7590000000000006,11,10,0,9,0.7,1.0,0.55,1.0,0.7096774193548387,0.775
0.7600000000000005,11,10,0,9,0.7,1.0,0.55,1.0,0.7096774193548387,0.775
0.7610000000000006,11,10,0,9,0.7,1.0,0.55,1.0,0.7096774193548387,0.775
0.7620000000000005,11,10,0,9,0.7,1.0,0.55,1.0,0.7096774193548387,0.775
0.7630000000000006,11,10,0,9,0.7,1.0,0.55,1.0,0.7096774193548387,0.775
0.7640000000000005,11,10,0,9,0.7,1.0,0.55,1.0,0.7096774193548387,0.775
0.7650000000000006,11,10,0,9,0.7,1.0,0.55,1.0,0.7096774193548387,0.775
0.7660000000000005,11,10,0,9,0.7,1.0,0.55,1.0,0.7096774193548387,0.775
0.7670000000000006,11,10,0,9,0.7,1.0,0.55,1.0,0.7096774193548387,0.775
0.7680000000000005,11,10,0,9,0.7,1.0,0.55,1.0,0.7096774193548387,0.775
0.7690000000000006,11,10,0,9,0.7,1.0,0.55,1.0,0.7096774193548387,0.775
0.7700000000000005,11,10,0,9,0.7,1.0,0.55,1.0,0.7096774193548387,0.775
0.7710000000000006,11,10,0,9,0.7,1.0,0.55,1.0,0.7096774193548387,0.775
0.7720000000000005,11,10,0,9,0.7,1.0,0.55,1.0,0.7096774193548387,0.775
0.7730000000000006,11,10,0,9,0.7,1.0,0.55,1.0,0.7096774193548387,0.775
0.7740000000000005,11,10,0,9,0.7,1.0,0.55,1.0,0.7096774193548387,0.775
0.7750000000000006,11,10,0,9,0.7,1.0,0.55,1.0,0.7096774193548387,0.775
0.7760000000000005,10,10,0,10,0.6666666666666666,1.0,0.5,1.0,0.6666666666666666,0.75
0.7770000000000006,9,10,0,11,0.6333333333333333,1.0,0.45,1.0,0.6206896551724138,0.725
0.7780000000000005,9,10,0,11,0.6333333333333333,1.0,0.45,1.0,0.6206896551724138,0.725
0.7790000000000006,9,10,0,11,0.6333333333333333,1.0,0.45,1.0,0.6206896551724138,0.725
0.7800000000000005,9,10,0,11,0.6333333333333333,1.0,0.45,1.0,0.6206896551724138,0.725
0.7810000000000006,9,10,0,11,0.6333333333333333,1.0,0.45,1.0,0.6206896551724138,0.725
0.7820000000000005,8,10,0,12,0.6,1.0,0.4,1.0,0.5714285714285715,0.7
0.7830000000000006,8,10,0,12,0.6,1.0,0.4,1.0,0.5714285714285715,0.7
0.7840000000000005,8,10,0,12,0.6,1.0,0.4,1.0,0.5714285714285715,0.7
0.7850000000000006,8,10,0,12,0.6,1.0,0.4,1.0,0.5714285714285715,0.7
0.7860000000000005,8,10,0,12,0.6,1.0,0.4,1.0,0.5714285714285715,0.7
0.7870000000000006,8,10,0,12,0.6,1.0,0.4,1.0,0.5714285714285715,0.7
0.7880000000000005,8,10,0,12,0.6,1.0,0.4,1.0,0.5714285714285715,0.7
0.7890000000000006,8,10,0,12,0.6,1.0,0.4,1.0,0.5714285714285715,0.7
0.7900000000000005,8,10,0,12,0.6,1.0,0.4,1.0,0.5714285714285715,0.7
0.7910000000000006,8,10,0,12,0.6,1.0,0.4,1.0,0.5714285714285715,0.7
0.7920000000000005,8,10,0,12,0.6,1.0,0.4,1.0,0.5714285714285715,0.7
0.7930000000000006,8,10,0,12,0.6,1.0,0.4,1.0,0.5714285714285715,0.7
0.7940000000000005,7,10,0,13,0.5666666666666667,1.0,0.35,1.0,0.5185185185185185,0.675
0.7950000000000006,7,10,0,13,0.5666666666666667,1.0,0.35,1.0,0.5185185185185185,0.675
0.7960000000000005,6,10,0,14,0.5333333333333333,1.0,0.3,1.0,0.4615384615384615,0.65
0.7970000000000006,6,10,0,14,0.5333333333333333,1.0,0.3,1.0,0.4615384615384615,0.65
0.7980000000000005,6,10,0,14,0.5333333333333333,1.0,0.3,1.0,0.4615384615384615,0.65
0.7990000000000006,6,10,0,14,0.5333333333333333,1.0,0.3,1.0,0.4615384615384615,0.65
0.8000000000000005,5,10,0,15,0.5,1.0,0.25,1.0,0.4,0.625
