kitap_adi,yazar,cevirmen,yayinevi,kategori,isbn,kapak_tipi,yayin_tarihi,olculeri,orijinal_adi,sayfa_sayisi,indirim_orani,eski_fiyat,satis_fiyati,gorsel_url,ozet,kitap_url
Nemesis,ISAAC ASIMOV,MÜNEVVER UZUN,İthaki Yayınları,Bilimkurgu Klasikleri,9786052657515,Karton kapak,,"13,5 x 21",NEMESIS,440,30%,"₺520,00","₺364,00",https://wwwithakiyayingrubucom.sm.mncdn.com/wwwithakiyayingrubucom-pictures/89f4a1e7-fbba-46bd-ac68-f53f032306bc_nemess.webp,"Dünyadan ayrılan bir uzay yerleşiminin sakinleri, Nemesis adlı yıldızın çevresinde insanlığın geleceğini değiştirebilecek bir dünya keşfeder.",https://www.ithakiyayingrubu.com/nemesis
Yeşil Mars,KİM STANLEY ROBİNSON,UĞUR GÜLSÜN,İthaki Yayınları,Bilimkurgu Klasikleri,9786052657478,Karton kapak,,"13,5 x 21",GREEN MARS,776,30%,"₺780,00","₺546,00",https://wwwithakiyayingrubucom.sm.mncdn.com/wwwithakiyayingrubucom-pictures/d369d06a-ef38-43c2-b823-7d8a967809a6_yel-mars.webp,"Mars kolonistleri, gezegeni yaşanabilir kılma çabası ile siyasi bağımsızlık mücadelesi arasında derinleşen çatışmalar yaşar.",https://www.ithakiyayingrubu.com/yesil-mars
Mavi Mars,KİM STANLEY ROBİNSON,UĞUR GÜLSÜN,İthaki Yayınları,Bilimkurgu Klasikleri,9786052657461,Karton kapak,,"13,5 x 21",BLUE MARS,856,30%,"₺840,00","₺588,00",https://wwwithakiyayingrubucom.sm.mncdn.com/wwwithakiyayingrubucom-pictures/167ef181-48ba-42ec-b6b0-6b4850827204_mav-mars.webp,"Yüzyıllar süren dönüşümün ardından Mars, Dünya'nın etkisinden sıyrılmaya çalışan yeni bir uygarlığın ve değişen bir gezegenin sahnesidir.",https://www.ithakiyayingrubu.com/mavi-mars
Beden Kemiricilerin İstilası,JACK FINNEY,BEYZA GÜNGÖR,İthaki Yayınları,Bilimkurgu Klasikleri,9786052657300,Karton kapak,,"13,5 x 21",THE BODY SNATCHERS,216,30%,"₺280,00","₺196,00",https://wwwithakiyayingrubucom.sm.mncdn.com/wwwithakiyayingrubucom-pictures/c9369e00-fbd9-48a0-9049-ef2b4aeb6273_beden-kemrclern-stlasi.webp,"Küçük bir kasabada insanların yerini, duygusuz kopyalarını üreten gizemli kozalar almaya başlar.",https://www.ithakiyayingrubu.com/beden-kemiricilerin-istilasi
Zamanın Şafağı,Rene Barjavel,S. İpek Ortaer Montanari,İthaki Yayınları,Bilimkurgu Klasikleri,9786052657188,,,"13,5 x 21",LA NUIT DES TEMPS,336,30%,"₺400,00","₺280,00",https://wwwithakiyayingrubucom.sm.mncdn.com/wwwithakiyayingrubucom-pictures/36e62fff-daf8-4175-b4b6-fa6c3fa308d3_zamanin-afai.webp,"Antarktika'da bulunan binlerce yıllık bir uygarlığın kalıntıları, iki bilim insanını aşk, savaş ve insanlığın geçmişiyle yüzleşmeye sürükler.",https://www.ithakiyayingrubu.com/zamanin-safagi
Hyperion'ın Düşüşü,DAN SİMMONS,Yosun Erdemli Timuçin,İthaki Yayınları,Bilimkurgu Klasikleri,9786052657034,,,"13,5 x 21",THE FALL OF HYPERİON,648,30%,"₺660,00","₺462,00",https://wwwithakiyayingrubucom.sm.mncdn.com/wwwithakiyayingrubucom-pictures/9987f473-e700-4ecc-b937-5b4ecb822e93_hyperonin-d.webp,"Hegemonya ile Dışarıdakiler arasındaki savaş yaklaşırken Hyperion'daki hacıların kaderi, insanlığın geleceğine dair büyük bir hesaplaşmaya bağlanır.",https://www.ithakiyayingrubu.com/hyperionin-dususu
Kıyamet Kitabı,CONNİE WİLLİS,ÖZLEM YÜKSEL,İthaki Yayınları,Bilimkurgu Klasikleri,9786052656808,,,"13,5 x 21",DOOMSDAY BOOK,624,30%,"₺750,00","₺525,00",https://wwwithakiyayingrubucom.sm.mncdn.com/wwwithakiyayingrubucom-pictures/9fc4fab6-13f6-4179-b8af-e77e474713db_kiyamet-ktabi.webp,"21. yüzyıldan bir tarihçi, Ortaçağ İngiltere'sine yaptığı zaman yolculuğunda kendini Kara Veba'nın ortasında bulur.",https://www.ithakiyayingrubu.com/kiyamet-kitabi-2
Metropolis,THEA VON HARBOU,Anıl Alacaoğlu,İthaki Yayınları,Bilimkurgu Klasikleri,9786052656686,,,"13,5 x 21",Metropolis,248,30%,"₺220,00","₺154,00",https://wwwithakiyayingrubucom.sm.mncdn.com/wwwithakiyayingrubucom-pictures/020cd5a1-f0fd-4052-af96-659fcc5e86c0_metropols.webp,"Yeraltında çalışan işçilerle gökdelenlerde yaşayan seçkinleri ayıran geleceğin kentinde, bir kadın iki sınıf arasında uzlaşma arar.",https://www.ithakiyayingrubu.com/metropolis
Kar Fırtınası-İthaki,NEAL STEPHENSON,UĞUR GÜLSÜN,İthaki Yayınları,Bilimkurgu Klasikleri,9786052656549,,,"13,5 x 21",SNOW CRASH,584,30%,"₺500,00","₺350,00",https://wwwithakiyayingrubucom.sm.mncdn.com/wwwithakiyayingrubucom-pictures/fe673978-019f-4ea5-9572-36428112a626_kar-firtinasi-thak.webp,"Sanal gerçeklik ve şirket devletlerinin egemen olduğu yakın gelecekte bir hacker, dijital bir uyuşturucunun ardındaki tehlikeyi araştırır.",https://www.ithakiyayingrubu.com/kar-firtinasi-ithaki
Oyunların Oyuncusu,IAİN M. BANKS,Doğa Özışık,İthaki Yayınları,Bilimkurgu Klasikleri,9786052656266,,,"13,5 x 21",THE PLAYER OF GAMES,392,30%,"₺350,00","₺245,00",https://wwwithakiyayingrubucom.sm.mncdn.com/wwwithakiyayingrubucom-pictures/a1fc3022-4e55-4420-aca7-e4a43a1d9fad_oyunlarin-oyuncusu.webp,"Kültür'ün usta oyuncusu Gurgeh, uzak bir imparatorluğun her şeyi belirleyen karmaşık oyununda rakip olmak üzere gönderilir.",https://www.ithakiyayingrubu.com/oyunlarin-oyuncusu
Rama'yla Buluşma,ARTHUR C. CLARKE,Ümit Kayalıoğlu,İthaki Yayınları,Bilimkurgu Klasikleri,9786052655795,,,"13,5 x 21",RENDEZVOUS WİTH RAMA,280,30%,"₺280,00","₺196,00",https://wwwithakiyayingrubucom.sm.mncdn.com/wwwithakiyayingrubucom-pictures/621d6b73-aec9-44c1-8262-c8eecb8fcc21_ramayla-buluma.webp,"Güneş Sistemi'ne giren dev silindirik uzay aracını incelemek üzere gönderilen ekip, Rama'nın yabancı sırlarıyla karşılaşır.",https://www.ithakiyayingrubu.com/ramayla-bulusma
Yüksek Şatodaki Adam,PHILIP K. DICK,DOST KÖRPE,İthaki Yayınları,Bilimkurgu Klasikleri,9786052655856,,,"13,5 x 21",THE MAN İN THE HİGH CASTLE,312,30%,"₺300,00","₺210,00",https://wwwithakiyayingrubucom.sm.mncdn.com/wwwithakiyayingrubucom-pictures/694e476e-df04-486a-a349-f2e3719e439e_yksek-atodak-adam.webp,"Mihver Devletleri'nin İkinci Dünya Savaşı'nı kazandığı alternatif Amerika'da, farklı hayatlar yasaklı bir romanın çevresinde kesişir.",https://www.ithakiyayingrubu.com/yuksek-satodaki-adam
Dinozor Öyküleri,RAY BRADBURY,Elif Ersavcı,İthaki Yayınları,Bilimkurgu Klasikleri,9786052652848,,2023-12-28,"13,5 x 21",DİNOSAUR TALES,96,30%,"₺180,00","₺126,00",https://wwwithakiyayingrubucom.sm.mncdn.com/wwwithakiyayingrubucom-pictures/cc3ac7d3-896f-4d3c-8e19-e2035bb35d7c_dnozor-ykler.webp,"Ray Bradbury'nin dinozorları zaman yolculuğu, uzak gezegenler ve insan hayal gücüyle buluşturan kısa bilimkurgu öyküleri derlemesi.",https://www.ithakiyayingrubu.com/dinozor-oykuleri
Şimdi Ve Daima,RAY BRADBURY,KEMAL BARAN ÖZBEK,İthaki Yayınları,Bilimkurgu Klasikleri,9786052652817,,2023-12-28,"13,5 x 21",NOW AND FOREVER,216,30%,"₺280,00","₺196,00",https://wwwithakiyayingrubucom.sm.mncdn.com/wwwithakiyayingrubucom-pictures/ad87344b-34b7-49fa-ad65-d3b2913ab2bb_md-ve-dama.webp,"Bir korku yazarının iki uzun öyküsü, geçmişin gölgeleri ve insan zihninin karanlık olasılıkları etrafında gelişir.",https://www.ithakiyayingrubu.com/simdi-ve-daima-2
Yol İşaretleri,ROGER ZELAZNY,TAYLAN TAFTAF,İthaki Yayınları,Bilimkurgu Klasikleri,9786052652640,,2023-11-30,"13,5 x 21",ROADMARKS,208,30%,"₺250,00","₺175,00",https://wwwithakiyayingrubucom.sm.mncdn.com/wwwithakiyayingrubucom-pictures/6c80151a-cb13-4755-a217-e6a9913dc6c3_yol-aretler.webp,"Zamanın ve olasılıkların kavşağındaki bir otoyolda yolculuk eden Red Dorakeen, onu izleyen güçlerden kaçmaya çalışır.",https://www.ithakiyayingrubu.com/yol-isaretleri
İnsanlığın Çocukları,P.D. JAMES,Gökçe Metin,İthaki Yayınları,Bilimkurgu Klasikleri,9786052652435,,2023-10-18,"13,5 x 21",THE CHILDREN OF MEN,320,30%,"₺375,00","₺262,50",https://wwwithakiyayingrubucom.sm.mncdn.com/wwwithakiyayingrubucom-pictures/ff26c368-7236-444e-b9b0-baf03e41399d_nsanliin-ocuklari.webp,"İnsanlığın yirmi yıldır çocuk sahibi olamadığı bir İngiltere'de bir tarihçi, umudun yeniden doğuşuyla bağlantılı tehlikeli bir göreve çekilir.",https://www.ithakiyayingrubu.com/insanligin-cocuklari
Mümkünatı Yok,SINCLAIR LEWIS,Deniz Daruga,İthaki Yayınları,Bilimkurgu Klasikleri,9786052651629,,2023-05-25,"12,5 x 19,5",IT CAN'T HAPPEN HERE,456,30%,"₺425,00","₺297,50",https://wwwithakiyayingrubucom.sm.mncdn.com/wwwithakiyayingrubucom-pictures/5f332a94-a109-4f09-abce-b519f2d7565e_mmknati-yok.webp,"Popülist ve otoriter bir adayın iktidara yükseldiği alternatif Amerika'da bir gazeteci, özgürlüklerin nasıl yok edildiğine tanıklık eder.",https://www.ithakiyayingrubu.com/mumkunati-yok
Tohumdan Hasada,OCTAVİA BUTLER,Pırıltı Onukar,İthaki Yayınları,Bilimkurgu Klasikleri,9786052651346,,2023-04-26,"13,5 x 21",SEED TO HARVEST,984,30%,"₺900,00","₺630,00",https://wwwithakiyayingrubucom.sm.mncdn.com/wwwithakiyayingrubucom-pictures/009720d1-80fb-442a-a7f8-3b81a3bcc109_tohumdan-hasada.webp,"Doro ve Anyanwu'nun yüzyıllara yayılan mücadelesi üzerinden güç, kölelik ve insanlığın zorla dönüştürülmesi anlatılır.",https://www.ithakiyayingrubu.com/tohumdan-hasada
Neuromancer,WILLIAM GIBSON,N. Can Kantarcı,İthaki Yayınları,Bilimkurgu Klasikleri,9786052651063,,2023-03-15,"13,5 x 21",NEUROMANCER,336,30%,"₺350,00","₺245,00",https://wwwithakiyayingrubucom.sm.mncdn.com/wwwithakiyayingrubucom-pictures/3bcd5161-273d-4269-84dd-66e8ccdbc0bf_neuromancer.webp,"Borçlu bir hacker, dev şirketlerin ve yapay zekâların yön verdiği siberpunk dünyada son derece tehlikeli bir işe alınır.",https://www.ithakiyayingrubu.com/neuromancer
Güneşin Altın Elmaları,RAY BRADBURY,Mehmet Moralı,İthaki Yayınları,Bilimkurgu Klasikleri,9786052650950,,2023-03-01,"13,5 x 21",THE GOLDEN APPLES OF THE DUN,392,30%,"₺380,00","₺266,00",https://wwwithakiyayingrubucom.sm.mncdn.com/wwwithakiyayingrubucom-pictures/a8345c7f-6fae-44a0-b4e0-3e2fe5a1c3d6_gnen-altin-elmalari.webp,"Zaman, uzay ve günlük hayatın tuhaf kırılmaları üzerine kurulu, şiirsel ve ürpertici bilimkurgu-fantastik öyküler derlemesi.",https://www.ithakiyayingrubu.com/gunesin-altin-elmalari-2
Callahan Günlükleri,SPIDER ROBINSON,Doğa Özışık,İthaki Yayınları,Bilimkurgu Klasikleri,9786052650684,,2023-01-25,"13,5 x 21",THE CALLAHAN CHRONİCALS,536,30%,"₺600,00","₺420,00",https://wwwithakiyayingrubucom.sm.mncdn.com/wwwithakiyayingrubucom-pictures/1ab1c4ea-192b-470b-adff-2051e4bd5e6e_callahan-gnlkler.webp,"Zaman yolcuları, uzaylılar ve sıra dışı müdavimlerin buluştuğu bir barda, dayanışma ve mizahla çözülen absürt sorunlar anlatılır.",https://www.ithakiyayingrubu.com/callahan-gunlukleri
Hyperion / Hyperion Kantoları 1. Kitap,DAN SİMMONS,N. Can Kantarcı,İthaki Yayınları,Bilimkurgu Klasikleri,9786052655313,,2023-01-01,"13,5 x 21",HYPERİON,600,30%,"₺500,00","₺350,00",https://wwwithakiyayingrubucom.sm.mncdn.com/wwwithakiyayingrubucom-pictures/3af98268-0911-4f80-8108-8fb9efe93c6e_hyperon-hyperon-kantolari-1-ktap.webp,"Uzak gelecekte yedi hacı, zaman mezarlarına giderken Hyperion'un ölümcül varlığı Shrike ile bağlantılı geçmişlerini anlatır.",https://www.ithakiyayingrubu.com/hyperion-hyperion-kantolari-1-kitap
Yokuştaki Salyangoz,ARKADİ STRUGATSKİ,,İthaki Yayınları,Bilimkurgu Klasikleri,9786257737395,,2023-01-01,"13,5 x 21",,264,30%,"₺300,00","₺210,00",https://wwwithakiyayingrubucom.sm.mncdn.com/wwwithakiyayingrubucom-pictures/1f5fb35b-6b81-4dba-959c-e02c9023f542_yokutak-salyangoz.webp,"İki farklı anlatı, anlaşılmaz yasalarla yönetilen bir kurum ile insanı dönüştüren esrarengiz Orman arasında sıkışmış bireyleri izler.",https://www.ithakiyayingrubu.com/yokustaki-salyangoz
Cesur Yeni Dünya,ALDOUS HUXLEY,,İthaki Yayınları,Bilimkurgu Klasikleri,9789756902165,,2023-01-01,"13,5 x 21",,272,30%,"₺250,00","₺175,00",https://wwwithakiyayingrubucom.sm.mncdn.com/wwwithakiyayingrubucom-pictures/875ca496-a565-450e-a85f-fb26b23fb506_cesur-yen-dnya.webp,"Haz, tüketim ve genetik sınıflar üzerine kurulu kusursuz görünen bir toplumda, bireysellik ve özgürlük tehdit olarak görülür.",https://www.ithakiyayingrubu.com/cesur-yeni-dunya
İçeriden Ölmek,ROBERT SİLVERBERG,Elif Ersavcı,İthaki Yayınları,Bilimkurgu Klasikleri,9786052654217,,2023-01-01,"13,5 x 21",DYİNG INSİDE,260,30%,"₺280,00","₺196,00",https://wwwithakiyayingrubucom.sm.mncdn.com/wwwithakiyayingrubucom-pictures/6c789554-5fdd-4426-8b7e-6b42ca44b1d8_erden-lmek.webp,"Zihin okuma yeteneği yavaşça kaybolan David Selig, gücünün sağladığı ayrıcalıkların altında ezilen hayatını sorgular.",https://www.ithakiyayingrubu.com/iceriden-olmek
Görünmez Adam,H.G. WELLS,,İthaki Yayınları,Bilimkurgu Klasikleri,9786053756781,,2023-01-01,"13,5 x 21",,232,30%,"₺180,00","₺126,00",https://wwwithakiyayingrubucom.sm.mncdn.com/wwwithakiyayingrubucom-pictures/56b66713-cf6f-4f3a-b43d-e3468b9870b1_grnmez-adam.webp,Bilim insanı Griffin görünmezliği başarır; ancak gücü geri çevirememesi onu giderek tehlikeli bir yalnızlığa iter.,https://www.ithakiyayingrubu.com/gorunmez-adam
Tanrıların Tohumu,GEORGE WELLS,,İthaki Yayınları,Bilimkurgu Klasikleri,9786053758990,,2023-01-01,"13,5 x 21",,272,30%,"₺280,00","₺196,00",https://wwwithakiyayingrubucom.sm.mncdn.com/wwwithakiyayingrubucom-pictures/b6c1c221-9460-407b-a874-a30a9cb25dba_tanrilarin-tohumu.webp,"Bilimsel deneylerle büyütülen dev organizmaların kontrolden çıkması, insanlığın doğaya müdahalesinin korkutucu sonuçlarını doğurur.",https://www.ithakiyayingrubu.com/tanrilarin-tohumu
Arcturusa Yolculuk,DAVİD LİNDSAY,,İthaki Yayınları,Bilimkurgu Klasikleri,9786053755883,,2023-01-01,"13,5 x 21",,376,30%,"₺380,00","₺266,00",https://wwwithakiyayingrubucom.sm.mncdn.com/wwwithakiyayingrubucom-pictures/48e91df8-25da-45be-8a54-e74a37092f38_arcturusa-yolculuk.webp,"Maskull, Arcturus yıldızına yaptığı olağanüstü yolculukta sürekli değişen dünyalar ve felsefi sınavlarla karşılaşır.",https://www.ithakiyayingrubu.com/arcturusa-yolculuk
Bu Ölümsüz,ROGER ZELAZNY,,İthaki Yayınları,Bilimkurgu Klasikleri,9786053758358,,2023-01-01,"13,5 x 21",,184,30%,"₺250,00","₺175,00",https://wwwithakiyayingrubucom.sm.mncdn.com/wwwithakiyayingrubucom-pictures/bf4320a7-aaac-4566-922e-cf9f98d4b743_bu-lmsz.webp,"Nükleer savaş sonrası dünyada ömrü belirsiz bir adam, Marslı ziyaretçiye yıkılmış Dünya'yı gezdirirken geçmişiyle hesaplaşır.",https://www.ithakiyayingrubu.com/bu-olumsuz
1984 İthaki,GEORGE ORWELL,,İthaki Yayınları,Bilimkurgu Klasikleri,9786257737753,,2023-01-01,"13,5 x 21",,328,30%,"₺250,00","₺175,00",https://wwwithakiyayingrubucom.sm.mncdn.com/wwwithakiyayingrubucom-pictures/829e9d94-14d5-4370-904a-7ed2b74724db_1984-thak.webp,"Her adımı gözetlenen Winston Smith, düşünceleri bile suç sayan totaliter Okyanusya rejimine karşı içten içe başkaldırır.",https://www.ithakiyayingrubu.com/1984-ithaki
Yakın,OCTAVİA E. BUTLER,,İthaki Yayınları,Bilimkurgu Klasikleri,9786053759263,,2023-01-01,"13,5 x 21",,384,30%,"₺380,00","₺266,00",https://wwwithakiyayingrubucom.sm.mncdn.com/wwwithakiyayingrubucom-pictures/81aa05e5-bb31-41ee-a81c-9b55219d75be_yakin.webp,"Hafızasını kaybetmiş genç bir vampir, kim olduğunu ve kendisini öldürmeye çalışanların nedenini araştırırken yeni bir aile bulur.",https://www.ithakiyayingrubu.com/yakin
Kara Bulut,FRED HOYLE,,İthaki Yayınları,Bilimkurgu Klasikleri,9786258401530,,2023-01-01,"13,5 x 21",,272,30%,"₺300,00","₺210,00",https://wwwithakiyayingrubucom.sm.mncdn.com/wwwithakiyayingrubucom-pictures/ec4f62ce-ef2c-4c82-8e35-7aca0d35fb47_kara-bulut.webp,"Güneş Sistemi'ne yaklaşan dev bir gaz bulutu, bilim insanlarının onun sandıklarından çok daha zeki ve canlı olabileceğini anlamasına yol açar.",https://www.ithakiyayingrubu.com/kara-bulut
Hava Adamı Ariel,ALEKSANDR BELYAEV,,İthaki Yayınları,Bilimkurgu Klasikleri,9786257650373,,2023-01-01,"13,5 x 21",,240,30%,"₺280,00","₺196,00",https://wwwithakiyayingrubucom.sm.mncdn.com/wwwithakiyayingrubucom-pictures/d4843b59-0a27-4665-b775-391fbacfbe69_hava-adami-arel.webp,"Uçma yeteneği kazanan Ariel, bu mucizenin insanlara sunduğu özgürlükle toplumun korku ve çıkarları arasında kalır.",https://www.ithakiyayingrubu.com/hava-adami-ariel
Anlatış,URSULA K. LE GUİN,,İthaki Yayınları,Bilimkurgu Klasikleri,9786053757153,,2023-01-01,"13,5 x 21",,288,30%,"₺330,00","₺231,00",https://wwwithakiyayingrubucom.sm.mncdn.com/wwwithakiyayingrubucom-pictures/f5b4bf33-1620-45a4-9225-54cf63bf02c4_anlati.webp,"Uzak bir gezegene gözlemci olarak giden Sutty, baskıyla silinmeye çalışılan kadim bir sözlü geleneğin izini sürer.",https://www.ithakiyayingrubu.com/anlatis
Melankolinin İlacı,RAY BRADBURY,Mehmet Moralı,İthaki Yayınları,Bilimkurgu Klasikleri,9786052655139,,2023-01-01,"13,5 x 21",A MEDİCİNE FOR MELANCHOLY,384,30%,"₺350,00","₺245,00",https://wwwithakiyayingrubucom.sm.mncdn.com/wwwithakiyayingrubucom-pictures/28cfe5a7-ffbd-4d65-88d9-8c7d539acdec_melankolnn-laci.webp,"Melankoli, aşk, çocukluk ve ölüm gibi temaları fantastik ve bilimkurgu öğeleriyle işleyen kısa öyküler derlemesi.",https://www.ithakiyayingrubu.com/melankolinin-ilaci
Dune Tanrı İmparatoru,FRANK HERBERT,,İthaki Yayınları,Bilimkurgu Klasikleri,9786053757207,,2023-01-01,"13,5 x 21",,512,30%,"₺480,00","₺336,00",https://wwwithakiyayingrubucom.sm.mncdn.com/wwwithakiyayingrubucom-pictures/4003ba5b-4d9d-4fed-8156-74ff042d3476_dune-tanri-mparatoru.webp,"Leto II, insanlığı uzak gelecekte hayatta tutmak için binlerce yıl süren baskıcı ve hesaplı bir hüküm sürer.",https://www.ithakiyayingrubu.com/dune-tanri-imparatoru
Dune Rahibeler Meclisi,FRANK HERBERT,,İthaki Yayınları,Bilimkurgu Klasikleri,9786257737593,,2023-01-01,"13,5 x 21",,544,30%,"₺520,00","₺364,00",https://wwwithakiyayingrubucom.sm.mncdn.com/wwwithakiyayingrubucom-pictures/2dcbf250-ae97-46ef-852a-086f83f4d8ac_dune-rahbeler-mecls.webp,"Onurlu Ana'ların saldırısı altındaki Bene Gesserit, Dune'un mirası ve insanlığın geleceği için son bir strateji kurar.",https://www.ithakiyayingrubu.com/dune-rahibeler-meclisi
2010: İkinci Uzay Destanı,ARTHUR C. CLARKE,Burcu Denizci,İthaki Yayınları,Bilimkurgu Klasikleri,9786052653166,,2023-01-01,"13,5 x 21",2010: ODYSSEY TWO,320,30%,"₺330,00","₺231,00",https://wwwithakiyayingrubucom.sm.mncdn.com/wwwithakiyayingrubucom-pictures/8105fcfa-504e-4da8-ad69-02edd3a39063_2010-knc-uzay-destani.webp,"Leonov mürettebatı, Discovery'yi ve gizemli monoliti incelemek için Jüpiter'e gider; görev, insanlık adına daha büyük bir değişime dönüşür.",https://www.ithakiyayingrubu.com/2010-ikinci-uzay-destani
Frankensteın (Büyük Boy),MARY SHELLEY,,İthaki Yayınları,Bilimkurgu Klasikleri,9786053752004,,2023-01-01,"13,5 x 21",,256,30%,"₺220,00","₺154,00",https://wwwithakiyayingrubucom.sm.mncdn.com/wwwithakiyayingrubucom-pictures/61bf1730-b066-4e80-a27c-c921944d9121_frankenstein-byk-boy.webp,Victor Frankenstein yaşam yaratmayı başarır; fakat terk ettiği yaratığın yalnızlığı ve öfkesi herkes için yıkıcı sonuçlar doğurur.,https://www.ithakiyayingrubu.com/frankenstein-buyuk-boy
Zaman Makinesi,H.G. WELLS,,İthaki Yayınları,Bilimkurgu Klasikleri,9786053754268,,2023-01-01,"13,5 x 21",,144,30%,"₺150,00","₺105,00",https://wwwithakiyayingrubucom.sm.mncdn.com/wwwithakiyayingrubucom-pictures/6e824f7c-be22-4eae-8ed1-6e4fcc4fab29_zaman-maknes.webp,"Bir mucit, zaman makinesiyle geleceğe giderek insanlığın Eloi ve Morlocklar olarak bölündüğü uzak bir dünyayı görür.",https://www.ithakiyayingrubu.com/zaman-makinesi
İnsandan Öte,THEODORE STURGEON,SANEM ERDEM,İthaki Yayınları,Bilimkurgu Klasikleri,9786052652923,,2023-01-01,"13,5 x 21",MORE THAN HUMAN,264,30%,"₺320,00","₺224,00",https://wwwithakiyayingrubucom.sm.mncdn.com/wwwithakiyayingrubucom-pictures/bd739046-004e-4d6d-8480-d300c16ba4d1_nsandan-te.webp,"Telepati, ışınlanma ve telekinezi yetenekleriyle birbirini tamamlayan insanlar, Homo sapiens'in ötesinde yeni bir varlık oluşturur.",https://www.ithakiyayingrubu.com/insandan-ote
Maymun Ve Öz,ALDOUS HUXLEY,,İthaki Yayınları,Bilimkurgu Klasikleri,9786257650717,,2023-01-01,"13,5 x 21",,168,30%,"₺250,00","₺175,00",https://wwwithakiyayingrubucom.sm.mncdn.com/wwwithakiyayingrubucom-pictures/d23ffcc4-5df2-4b7f-a10c-83f0d0cc4b4d_maymun-ve-z.webp,"Nükleer savaş sonrası dünyayı ziyaret eden bilim insanları, şiddet ve iktidar üzerine kurulmuş grotesk bir toplumla karşılaşır.",https://www.ithakiyayingrubu.com/maymun-ve-oz
Çocukluğun Sonu,ARTHUR C. CLARKE,,İthaki Yayınları,Bilimkurgu Klasikleri,9786053755111,,2023-01-01,"13,5 x 21",,256,30%,"₺260,00","₺182,00",https://wwwithakiyayingrubucom.sm.mncdn.com/wwwithakiyayingrubucom-pictures/c5536467-d3ce-4d73-a523-99e52004d4da_ocukluun-sonu.webp,Üstün bir uzaylı ırk Dünya'ya barış getirir; ancak insanlığın evrimi için bunun ağır ve beklenmedik bir bedeli vardır.,https://www.ithakiyayingrubu.com/cocuklugun-sonu
Kumsalda,NEVİL SHUTE,,İthaki Yayınları,Bilimkurgu Klasikleri,9786053759348,,2023-01-01,"13,5 x 21",,296,30%,"₺375,00","₺262,50",https://wwwithakiyayingrubucom.sm.mncdn.com/wwwithakiyayingrubucom-pictures/803488dc-09eb-4e4a-a290-f6358b336d47_kumsalda.webp,Nükleer savaşın ardından ölümcül radyoaktif bulut Avustralya'ya yaklaşırken bir grup insan son günlerini anlamlı kılmaya çalışır.,https://www.ithakiyayingrubu.com/kumsalda
Dune,FRANK HERBERT,,İthaki Yayınları,Bilimkurgu Klasikleri,9786053754794,,2023-01-01,"13,5 x 21",,712,30%,"₺680,00","₺476,00",https://wwwithakiyayingrubucom.sm.mncdn.com/wwwithakiyayingrubucom-pictures/efa5ab74-4bbc-4edd-b08e-98ee65435bdc_dune.webp,"Çöl gezegeni Arrakis'e taşınan Paul Atreides, entrikalar, kehanetler ve baharat uğruna verilen mücadele içinde kaderiyle yüzleşir.",https://www.ithakiyayingrubu.com/dune
Alaycı Kuş,WALTER TEVİS,,İthaki Yayınları,Bilimkurgu Klasikleri,9786257442237,,2023-01-01,"13,5 x 21",,280,30%,"₺300,00","₺210,00",https://wwwithakiyayingrubucom.sm.mncdn.com/wwwithakiyayingrubucom-pictures/c88354ef-1685-4cd4-833f-007760597999_alayci-ku.webp,"Okumanın unutulduğu bir gelecekte, yaşlı bir öğretmen ile genç bir adam insanlığın yazılı belleğini yeniden canlandırmaya çalışır.",https://www.ithakiyayingrubu.com/alayci-kus
Su Adamı,ALEKSANDR BELYAEV,,İthaki Yayınları,Bilimkurgu Klasikleri,9786053756736,,2023-01-01,"13,5 x 21",,248,30%,"₺280,00","₺196,00",https://wwwithakiyayingrubucom.sm.mncdn.com/wwwithakiyayingrubucom-pictures/fa3b3bd7-69da-4f40-beff-14bbc2625509_su-adami.webp,"Bilim insanı Salvator'un deneyiyle denizde yaşayabilen Ichthyander, karada insan açgözlülüğü ve aşkın acı gerçekleriyle karşılaşır.",https://www.ithakiyayingrubu.com/su-adami
Kallokain,KARİN BOYE,,İthaki Yayınları,Bilimkurgu Klasikleri,9786257913379,,2023-01-01,"13,5 x 21",,200,30%,"₺240,00","₺168,00",https://wwwithakiyayingrubucom.sm.mncdn.com/wwwithakiyayingrubucom-pictures/6f106335-8c1e-4173-93c6-2b5bd2ff7176_kallokan.webp,"Mutlak gözetim altındaki kolektivist devlette bir kimyager, insanlara gerçeği zorla söyletme gücüne sahip bir serum geliştirir.",https://www.ithakiyayingrubu.com/kallokain
Bir Mars Destanı,STANLEY G. WEİNBAUM,,İthaki Yayınları,Bilimkurgu Klasikleri,9786053758259,,2023-01-01,"13,5 x 21",,232,30%,"₺280,00","₺196,00",https://wwwithakiyayingrubucom.sm.mncdn.com/wwwithakiyayingrubucom-pictures/36375394-a8e3-4b2c-b4a1-132dff24b244_br-mars-destani.webp,"Mars'a giden Amerikalı bir madenci, kızıl gezegende prenses Dejah Thoris ve savaşan uygarlıkların ortasında kalır.",https://www.ithakiyayingrubu.com/bir-mars-destani
Uzaktan Kumandalı Kız,JAMES TİPTREE JR.,BEGÜM KOVULMAZ,İthaki Yayınları,Bilimkurgu Klasikleri,9786053758082,,2023-01-01,"13,5 x 21",,72,30%,"₺140,00","₺98,00",https://wwwithakiyayingrubucom.sm.mncdn.com/wwwithakiyayingrubucom-pictures/db15d813-b3a5-4f6b-ae71-3325be613690_uzaktan-kumandali-kiz.webp,"Bedeni kusurlu bir genç, uzaktan yönettiği ideal güzellikteki yapay beden sayesinde tüketim toplumunun yıldızına dönüşür.",https://www.ithakiyayingrubu.com/uzaktan-kumandali-kiz
Resimli Adam,RAY BRADBURY,,İthaki Yayınları,Bilimkurgu Klasikleri,9786053757245,,2023-01-01,"13,5 x 21",,264,30%,"₺280,00","₺196,00",https://wwwithakiyayingrubucom.sm.mncdn.com/wwwithakiyayingrubucom-pictures/27e56f5b-ca13-4ea4-a557-30ff7c131244_resml-adam.webp,"Vücudundaki dövmeler geceleri canlanarak geleceğe, uzaya ve insan doğasına dair birbirinden farklı öyküler anlatır.",https://www.ithakiyayingrubu.com/resimli-adam-2
Kaplan Kaplan,ALFRED BESTER,,İthaki Yayınları,Bilimkurgu Klasikleri,9786053756231,,2023-01-01,"13,5 x 21",,304,30%,"₺330,00","₺231,00",https://wwwithakiyayingrubucom.sm.mncdn.com/wwwithakiyayingrubucom-pictures/89eedc48-5c4d-41dc-b596-323952b51902_kaplan-kaplan.webp,"Işınlanmanın sıradanlaştığı gelecekte ölüme terk edilen Gully Foyle, intikam uğruna insanüstü bir dönüşüm geçirir.",https://www.ithakiyayingrubu.com/kaplan-kaplan
Maymunlar Gezegeni,PİERRE BOULLE,,İthaki Yayınları,Bilimkurgu Klasikleri,9786053754862,,2023-01-01,"13,5 x 21",,208,30%,"₺200,00","₺140,00",https://wwwithakiyayingrubucom.sm.mncdn.com/wwwithakiyayingrubucom-pictures/2849ba32-fe82-4c4e-b604-a8d7ad10c0ae_maymunlar-gezegen.webp,"Uzak bir gezegene inen astronotlar, maymunların egemen, insanların ise konuşamayan ve aşağılanan tür olduğu bir toplumla karşılaşır.",https://www.ithakiyayingrubu.com/maymunlar-gezegeni
Doktor Moreau'nun Adası,H.G. WELLS,,İthaki Yayınları,Bilimkurgu Klasikleri,9789758607273,,2023-01-01,"13,5 x 21",,200,30%,"₺180,00","₺126,00",https://wwwithakiyayingrubucom.sm.mncdn.com/wwwithakiyayingrubucom-pictures/38fc684c-fbc6-4339-a2bf-2e07ba10fc13_doktor-moreaunun-adasi.webp,"Issız bir adada hayvanları insanlaştıran Doktor Moreau'nun deneyleri, doğa, etik ve vahşet arasındaki sınırları bozar.",https://www.ithakiyayingrubu.com/doktor-moreaunun-adasi
Semenderlerle Savaş,KAREL ÇAPEK,,İthaki Yayınları,Bilimkurgu Klasikleri,9786258475456,,2023-01-01,"13,5 x 21",,304,30%,"₺320,00","₺224,00",https://wwwithakiyayingrubucom.sm.mncdn.com/wwwithakiyayingrubucom-pictures/bef0c365-7c77-4a99-b15e-5a76bf342149_semenderlerle-sava.webp,İnsanlar zeki semenderleri emek gücü olarak kullanmaya başlar; sömürü büyüdükçe türler arası çatışma dünyayı tehdit eder.,https://www.ithakiyayingrubu.com/semenderlerle-savas
Ay Zalim Bir Sevgilidir,ROBERT A. HEİNLEİN,,İthaki Yayınları,Bilimkurgu Klasikleri,9786053756590,,2023-01-01,"13,5 x 21",,464,30%,"₺540,00","₺378,00",https://wwwithakiyayingrubucom.sm.mncdn.com/wwwithakiyayingrubucom-pictures/b90d5bf8-cfcf-4fba-96dd-7c502e7a5b0e_ay-zalm-br-sevgldr.webp,"Ay kolonilerindeki isyancılar, bilinç kazanan bir bilgisayarın yardımıyla Dünya'nın yönetimine karşı bağımsızlık savaşı başlatır.",https://www.ithakiyayingrubu.com/ay-zalim-bir-sevgilidir
Düşyılanı,VONDA N.MCLNTYRE,Aslı Genç,İthaki Yayınları,Bilimkurgu Klasikleri,9786258327939,,2023-01-01,"13,5 x 21",DREAMSNAKE,360,30%,"₺380,00","₺266,00",https://wwwithakiyayingrubucom.sm.mncdn.com/wwwithakiyayingrubucom-pictures/451b18c4-9ef1-47d0-864f-ea9281a2d9c6_dyilani.webp,"Nükleer felaket sonrası dünyada şifacı Snake, iyileştirici yılanını kaybedince hem hastasını kurtarmak hem de yeni bir yol bulmak zorunda kalır.",https://www.ithakiyayingrubu.com/dusyilani
Mor Bulut,M.P. SHIEL,Selin Kurugül,İthaki Yayınları,Bilimkurgu Klasikleri,9786052655757,,2023-01-01,"13,5 x 21",THE PURPLE CLOUD,344,30%,"₺330,00","₺231,00",https://wwwithakiyayingrubucom.sm.mncdn.com/wwwithakiyayingrubucom-pictures/d7ca6ca7-09ab-471b-a751-30e82a19ec72_mor-bulut.webp,"Dünyayı zehirli bir bulut yok ettikten sonra hayatta kaldığını sanan bir adam, yalnızlık ve deliliğin sınırlarında dolaşır.",https://www.ithakiyayingrubu.com/mor-bulut
Biz (Yeni Basım),YEVGENİY İVANOVİÇ ZAMYATİN,,İthaki Yayınları,Bilimkurgu Klasikleri,9786053759935,,2023-01-01,"13,5 x 21",,248,30%,"₺240,00","₺168,00",https://wwwithakiyayingrubucom.sm.mncdn.com/wwwithakiyayingrubucom-pictures/71119121-f599-4fd7-8787-8c259335a83c_bz-yen-basim.webp,"Numaralarla anılan yurttaşların camdan bir devlette yaşadığı gelecekte D-503, aşk ve hayal gücüyle bireyselliği keşfeder.",https://www.ithakiyayingrubu.com/biz-yeni-basim
Mevki Uygarlığı,ROBERT SHECKLEY,,İthaki Yayınları,Bilimkurgu Klasikleri,9786257442459,,2023-01-01,"13,5 x 21",,176,30%,"₺220,00","₺154,00",https://wwwithakiyayingrubucom.sm.mncdn.com/wwwithakiyayingrubucom-pictures/20b1a547-ef56-42e2-b457-d9341622d16f_mevk-uygarlii.webp,"Toplumsal statünün her şey olduğu bir dünyada, sıradan bir adam yanlışlıkla üst sınıfın hayatına girince sistemin saçmalığını açığa çıkarır.",https://www.ithakiyayingrubu.com/mevki-uygarligi
Lılıth'in Dölü,OCTAVİA E. BUTLER,,İthaki Yayınları,Bilimkurgu Klasikleri,9786258401127,,2023-01-01,"13,5 x 21",,896,30%,"₺820,00","₺574,00",https://wwwithakiyayingrubucom.sm.mncdn.com/wwwithakiyayingrubucom-pictures/9cad84e1-7e2e-456c-9529-f2f67632eae6_lilithn-dl.webp,"İnsanlığı neredeyse yok eden savaştan sonra Lilith Iyapo, hayatta kalanları genetik olarak değiştiren Oankali'lerle işbirliği yapmaya zorlanır.",https://www.ithakiyayingrubu.com/lilithin-dolu
Kent,CLİFFORD D. SİMAK,,İthaki Yayınları,Bilimkurgu Klasikleri,9786257913454,,2023-01-01,"13,5 x 21",,320,30%,"₺330,00","₺231,00",https://wwwithakiyayingrubucom.sm.mncdn.com/wwwithakiyayingrubucom-pictures/2591dd8e-ad73-4da4-b944-7f4378056696_kent.webp,"İnsanlar Dünya'yı terk ederken robotlar ve köpekler, insan soyunun efsaneye dönüştüğü bir geleceğin hikâyelerini anlatır.",https://www.ithakiyayingrubu.com/kent
Liktorun Kılıcı,GENE WOLFE,,İthaki Yayınları,Bilimkurgu Klasikleri,9786257650984,,2023-01-01,"13,5 x 21",,304,30%,"₺300,00","₺210,00",https://wwwithakiyayingrubucom.sm.mncdn.com/wwwithakiyayingrubucom-pictures/9dfe667f-cf34-49d9-96d7-9e02403c59ee_lktorun-kilici.webp,"Severian sürgün yolunda iktidar, sadakat ve geçmişin gizemleriyle yüzleşirken Urth'un daha geniş tarihine yaklaşır.",https://www.ithakiyayingrubu.com/liktorun-kilici
Tanrı Olmak Zor İş,BORİS STRUGATSKİ,,İthaki Yayınları,Bilimkurgu Klasikleri,9786053756873,,2023-01-01,"13,5 x 21",,232,30%,"₺280,00","₺196,00",https://wwwithakiyayingrubucom.sm.mncdn.com/wwwithakiyayingrubucom-pictures/5517cfa9-3cca-4f3a-b275-d636dd4decd1_tanri-olmak-zor-.webp,"İleri bir uygarlıktan gelen gözlemciler, Ortaçağ benzeri baskıcı bir gezegende müdahale etmeden insanları korumaya çalışır.",https://www.ithakiyayingrubu.com/tanri-olmak-zor-is
"Ben, Efsane",RİCHARD MATHESON,,İthaki Yayınları,Bilimkurgu Klasikleri,9786257913836,,2023-01-01,"13,5 x 21",,208,30%,"₺260,00","₺182,00",https://wwwithakiyayingrubucom.sm.mncdn.com/wwwithakiyayingrubucom-pictures/0388f243-5e6e-4278-ae70-ec8ee248702c_ben-efsane.webp,"Bir salgın sonrası vampirleşen dünyada son insan olduğuna inanan Robert Neville, hayatta kalma mücadelesi verirken kendi yerini sorgular.",https://www.ithakiyayingrubu.com/ben-efsane
Dünyaya Düşen Adam,WALTER TEVİS,,İthaki Yayınları,Bilimkurgu Klasikleri,9786257913034,,2023-01-01,"13,5 x 21",,232,30%,"₺280,00","₺196,00",https://wwwithakiyayingrubucom.sm.mncdn.com/wwwithakiyayingrubucom-pictures/4ba89d41-144a-487e-b62b-b285ff455107_dnyaya-den-adam.webp,"Kendi kurak gezegenini kurtarmak için Dünya'ya gelen uzaylı Thomas Jerome Newton, insan toplumunun tutkularına ve sömürüsüne yenik düşer.",https://www.ithakiyayingrubu.com/dunyaya-dusen-adam
Uzlaştırcının Pençesi,GENE WOLFE,,İthaki Yayınları,Bilimkurgu Klasikleri,9786257913089,,2023-01-01,"13,5 x 21",,304,30%,"₺300,00","₺210,00",https://wwwithakiyayingrubucom.sm.mncdn.com/wwwithakiyayingrubucom-pictures/c42f8ebb-9ba9-4360-af70-197d3d9a68f2_uzlatircinin-penes.webp,"Severian, gizemli bir pençeyle bağlantılı mucizeler ve komplolar arasında Urth'un kaderini belirleyecek yolculuğunu sürdürür.",https://www.ithakiyayingrubu.com/uzlastircinin-pencesi
Yaban Diyarlarında Yabancı,ROBERT A. HEİNLEİN,,İthaki Yayınları,Bilimkurgu Klasikleri,9786053758747,,2023-01-01,"13,5 x 21",,712,30%,"₺700,00","₺490,00",https://wwwithakiyayingrubucom.sm.mncdn.com/wwwithakiyayingrubucom-pictures/bd313bac-d785-4e3b-ba21-adda70b6aaa5_yaban-dyarlarinda-yabanci.webp,"Mars'ta büyüyen Valentine Michael Smith Dünya'ya döner ve insan kültürünü, dini, sevgiyi ve özgürlüğü yabancı gözlerle sorgular.",https://www.ithakiyayingrubu.com/yaban-diyarlarinda-yabanci
Kıyamete Bir Milyar Yıl,BORİS STRUGATSKİ,,İthaki Yayınları,Bilimkurgu Klasikleri,9786053754855,,2023-01-01,"13,5 x 21",,152,30%,"₺200,00","₺140,00",https://wwwithakiyayingrubucom.sm.mncdn.com/wwwithakiyayingrubucom-pictures/51aab768-ac0d-4565-b940-d6799a14f0c9_kiyamete-br-mlyar-yil.webp,"Bir grup bilim insanı, çalışmalarının ardında evrensel bir yasa ya da görünmez bir güç olup olmadığını araştırırken baskıyla karşılaşır.",https://www.ithakiyayingrubu.com/kiyamete-bir-milyar-yil
Yıldız Gemisi Askerleri,ROBERT A. HEİNLEİN,,İthaki Yayınları,Bilimkurgu Klasikleri,9786053755548,,2023-01-01,"13,5 x 21",,308,30%,"₺330,00","₺231,00",https://wwwithakiyayingrubucom.sm.mncdn.com/wwwithakiyayingrubucom-pictures/8439b5ad-592a-4af9-924e-30c333a56a41_yildiz-gems-askerler.webp,"Juan Rico'nun askerlik eğitimi ve uzay savaşları üzerinden yurttaşlık, görev, disiplin ve militarizm tartışılır.",https://www.ithakiyayingrubu.com/yildiz-gemisi-askerleri
Ölüme Yazgılı Şehir,ARKADİ - BORİS STRUGATSKİ,Hazal Yalın,İthaki Yayınları,Bilimkurgu Klasikleri,9786052652862,,2023-01-01,"13,5 x 21",GRAD OBRECHENNYİ,472,30%,"₺550,00","₺385,00",https://wwwithakiyayingrubucom.sm.mncdn.com/wwwithakiyayingrubucom-pictures/ad176155-47d8-4f22-9e18-ec63587745b8_lme-yazgili-ehr.webp,"Uzaylıların ziyaret ettiği küçük bir Rus kasabasında sıradan yaşam, anlaşılmaz olaylar ve yaklaşan felaket duygusuyla bozulur.",https://www.ithakiyayingrubu.com/olume-yazgili-sehir
Kadınlar Ülkesi,CHARLOTTE PERKİNS GİLMAN,,İthaki Yayınları,Bilimkurgu Klasikleri,9786053758723,,2023-01-01,"13,5 x 21",,216,30%,"₺180,00","₺126,00",https://wwwithakiyayingrubucom.sm.mncdn.com/wwwithakiyayingrubucom-pictures/9f015101-e5a6-49fd-b9be-1bdd029cde94_kadinlar-lkes.webp,"Üç erkek kâşif, kadınların erkekler olmadan barışçıl ve gelişmiş bir toplum kurduğu gizli ülkeyi keşfeder.",https://www.ithakiyayingrubu.com/kadinlar-ulkesi
Pazartesi Cumartesiden Başlar,ARKADİ STRUGATSKİ,,İthaki Yayınları,Bilimkurgu Klasikleri,9786053754787,,2023-01-01,"13,5 x 21",,288,30%,"₺280,00","₺196,00",https://wwwithakiyayingrubucom.sm.mncdn.com/wwwithakiyayingrubucom-pictures/30b4f9e4-16dc-4924-853d-7508a6bf90c3_pazartes-cumartesden-balar.webp,"Genç bir programcı, büyü ve bilimle uğraşan tuhaf bir araştırma enstitüsünde bürokrasiyle fantastik olayların iç içe geçtiğini görür.",https://www.ithakiyayingrubu.com/pazartesi-cumartesiden-baslar
Houston Houston Duyuyor Musun?,JAMES TİPTREE JR.,BEGÜM KOVULMAZ,İthaki Yayınları,Bilimkurgu Klasikleri,9786257650526,,2023-01-01,"13,5 x 21",,96,30%,"₺150,00","₺105,00",https://wwwithakiyayingrubucom.sm.mncdn.com/wwwithakiyayingrubucom-pictures/1746ab3f-4da3-40a9-bc65-46385fb66e4e_houston-houston-duyuyor-musun.webp,"Uzayda kaybolan üç erkek, gelecekte yalnızca kadınların yaşadığı bir Dünya'ya ulaşır ve geçmişin cinsiyet düzeniyle yüzleşir.",https://www.ithakiyayingrubu.com/houston-houston-duyuyor-musun
Fahrenheit 451,RAY BRADBURY,,İthaki Yayınları,Bilimkurgu Klasikleri,9786053757818,,2023-01-01,"13,5 x 21",,208,30%,"₺250,00","₺175,00",https://wwwithakiyayingrubucom.sm.mncdn.com/wwwithakiyayingrubucom-pictures/f52b88bb-2de8-45b4-adcb-fae87b0a82eb_fahrenhet-451.webp,"Kitapların yasaklandığı gelecekte itfaiyeci Guy Montag, kitap yakma görevini sorgulayarak bilgi ve özgürlük arayışına girer.",https://www.ithakiyayingrubu.com/fahrenheit-451
İşte İnsan,MİCHAEL MOORCOCK,,İthaki Yayınları,Bilimkurgu Klasikleri,9786053758211,,2023-01-01,"13,5 x 21",,176,30%,"₺220,00","₺154,00",https://wwwithakiyayingrubucom.sm.mncdn.com/wwwithakiyayingrubucom-pictures/71536bf1-ab14-4405-b4cb-fa91771b3032_te-nsan.webp,"Zaman yolcusu Karl Glogauer, İsa'nın dönemine giderek tarih, inanç ve Mesih fikrinin beklenmedik yüzüyle karşılaşır.",https://www.ithakiyayingrubu.com/iste-insan
Dünyalar Savaşı,H.G. WELLS,,İthaki Yayınları,Bilimkurgu Klasikleri,9786053757412,,2023-01-01,"13,5 x 21",,256,30%,"₺220,00","₺154,00",https://wwwithakiyayingrubucom.sm.mncdn.com/wwwithakiyayingrubucom-pictures/7c7fefed-80eb-462e-9965-837a8cc84dda_dnyalar-savai.webp,"Marslılar ileri savaş makineleriyle Dünya'yı işgal eder; anlatıcı, insan uygarlığının kırılganlığını savaşın ortasında deneyimler.",https://www.ithakiyayingrubu.com/dunyalar-savasi
Yakma Zevki:Fahtenheıt 451 Öyküleri,RAY BRADBURY,,İthaki Yayınları,Bilimkurgu Klasikleri,9786053758198,,2023-01-01,"13,5 x 21",,408,30%,"₺400,00","₺280,00",https://wwwithakiyayingrubucom.sm.mncdn.com/wwwithakiyayingrubucom-pictures/99e4815a-3187-4138-a063-4fcca50f3242_yakma-zevkfahtenheit-451-ykler.webp,"Fahrenheit 451'in evrenini ve temalarını tamamlayan, kitaplar, sansür ve hayal gücü üzerine Ray Bradbury öyküleri derlemesi.",https://www.ithakiyayingrubu.com/yakma-zevkifahtenheit-451-oykuleri
İşte Tanrılar,ISAAC ASİMOV,,İthaki Yayınları,Bilimkurgu Klasikleri,9786257650724,,2023-01-01,"13,5 x 21",,360,30%,"₺350,00","₺245,00",https://wwwithakiyayingrubucom.sm.mncdn.com/wwwithakiyayingrubucom-pictures/e4dfe9aa-01bb-422e-9803-5beedf2fd48d_te-tanrilar.webp,"Üç bölümde anlatılan roman, paralel evrenlerden gelen teklifin ardındaki enerji krizini ve insanlığın varoluşsal riskini izler.",https://www.ithakiyayingrubu.com/iste-tanrilar
Uzayda Piknik,BORİS STRUGATSKİ,,İthaki Yayınları,Bilimkurgu Klasikleri,9786053757849,,2023-01-01,"13,5 x 21",,200,30%,"₺220,00","₺154,00",https://wwwithakiyayingrubucom.sm.mncdn.com/wwwithakiyayingrubucom-pictures/d455e5e0-020a-46e8-8188-1f13a757db7a_uzayda-pknk.webp,"Gizemli bir uzaylı ziyaretinin ardından yasak Bölge'den eser toplayan bir avcı, insan bilgisinin sınırlarıyla karşılaşır.",https://www.ithakiyayingrubu.com/uzayda-piknik
Zaman İçinde Bir Yer,RICHARD MATHERSON,,İthaki Yayınları,Bilimkurgu Klasikleri,9786052653876,,2023-01-01,"13,5 x 21",,328,30%,"₺330,00","₺231,00",https://wwwithakiyayingrubucom.sm.mncdn.com/wwwithakiyayingrubucom-pictures/be0a98fa-944c-4473-a22f-b1da1f8c07ea_zaman-nde-br-yer.webp,"Bir senarist, zihninin gücüyle geçmişe giderek 19. yüzyıldan bir kadınla imkânsız bir aşk yaşamaya çalışır.",https://www.ithakiyayingrubu.com/zaman-icinde-bir-yer
Tanrı Nın Gözündeki Zerre,JERRY POURNELLE,,İthaki Yayınları,Bilimkurgu Klasikleri,9786257913645,,2023-01-01,"13,5 x 21",,688,30%,"₺650,00","₺455,00",https://wwwithakiyayingrubucom.sm.mncdn.com/wwwithakiyayingrubucom-pictures/1e636600-36fe-4aa9-96e2-f6f0679a9e50_tanri-nin-gzndek-zerre.webp,"İnsanlar, uzaydaki ilk yabancı uygarlıkla temas kurar; konuksever görünen bu türün hayatta kalma döngüsü büyük bir tehdit taşır.",https://www.ithakiyayingrubu.com/tanri-nin-gozundeki-zerre
Yanan Krom,WİLLİAM GİBSON,SANEM ERDEM,İthaki Yayınları,Bilimkurgu Klasikleri,9786052654514,,2023-01-01,"13,5 x 21",THE BURNİNG CROME,232,30%,"₺250,00","₺175,00",https://wwwithakiyayingrubucom.sm.mncdn.com/wwwithakiyayingrubucom-pictures/917ab615-4d55-41cd-af3a-c7858d06c67c_yanan-krom.webp,"Siberuzay, yapay zekâ ve teknolojik dışlanmışlar dünyasında geçen, siberpunk türünün kurucu kısa öyküleri derlemesi.",https://www.ithakiyayingrubu.com/yanan-krom
R. U. R. - Rossum’Un Uluslararası Robotları,KAREL ÇAPEK,,İthaki Yayınları,Bilimkurgu Klasikleri,9786257442251,,2023-01-01,"13,5 x 21",,128,30%,"₺180,00","₺126,00",https://wwwithakiyayingrubucom.sm.mncdn.com/wwwithakiyayingrubucom-pictures/6d0b8d2a-f36e-48f4-b8d2-8a0c9a464e8b_r-u-r-rossumun-uluslararasi-robotlari.webp,"Yapay işçilerin üretildiği bir fabrikada robotlar insanlığa karşı ayaklanır; eser, robot sözcüğünü edebiyata kazandıran oyundur.",https://www.ithakiyayingrubu.com/r-u-r-rossumun-uluslararasi-robotlari
Zanzibar İstifi,JOHN BRUNNER,UĞUR GÜLSÜN,İthaki Yayınları,Bilimkurgu Klasikleri,9786052654651,,2023-01-01,"13,5 x 21",STAND ON ZANZİBAR,752,30%,"₺720,00","₺504,00",https://wwwithakiyayingrubucom.sm.mncdn.com/wwwithakiyayingrubucom-pictures/b019ed75-c73f-4e51-8597-747207f8efff_zanzbar-stf.webp,"Aşırı nüfusun ve medya bombardımanının şekillendirdiği 2010 dünyasında, çok sayıda yaşam küresel çöküşün eşiğinde kesişir.",https://www.ithakiyayingrubu.com/zanzibar-istifi
"Ben, Robot",ISAAC ASİMOV,,İthaki Yayınları,Bilimkurgu Klasikleri,9786053756040,,2023-01-01,"13,5 x 21",,240,30%,"₺280,00","₺196,00",https://wwwithakiyayingrubucom.sm.mncdn.com/wwwithakiyayingrubucom-pictures/8dae2bcd-3fb9-4778-b17c-439c525b9d37_ben-robot.webp,"Robot psikoloğu Susan Calvin'in anıları üzerinden, Üç Robot Yasası'nın beklenmedik sonuçlarını anlatan birbirine bağlı öyküler sunulur.",https://www.ithakiyayingrubu.com/ben-robot
Dune Sapkınları,FRANK HERBERT,,İthaki Yayınları,Bilimkurgu Klasikleri,9786257737159,,2023-01-01,"13,5 x 21",,632,30%,"₺620,00","₺434,00",https://wwwithakiyayingrubucom.sm.mncdn.com/wwwithakiyayingrubucom-pictures/0bf46ded-a3bc-4d9a-93c9-243b8837c43b_dune-sapkinlari.webp,"Leto II'nin ölümünden sonra Arrakis'e dönen güç mücadeleleri, imparatorluğun mirası ve kumsolucanlarının geleceği etrafında yoğunlaşır.",https://www.ithakiyayingrubu.com/dune-sapkinlari
İşkencenin Gölgesi,GENE WOLFE,,İthaki Yayınları,Bilimkurgu Klasikleri,9786057762368,,2023-01-01,"13,5 x 21",,328,30%,"₺375,00","₺262,50",https://wwwithakiyayingrubucom.sm.mncdn.com/wwwithakiyayingrubucom-pictures/847400e8-5471-4ceb-8990-cf34bd64e526_kencenn-glges.webp,"Cellat çırağı Severian, bağışladığı bir mahkûm yüzünden sürgüne gönderilir ve ölmekte olan Urth'ta destansı yolculuğuna başlar.",https://www.ithakiyayingrubu.com/iskencenin-golgesi
Tehlikeli Görüler,HARLAN ELLİSON,Kolektif,İthaki Yayınları,Bilimkurgu Klasikleri,9786052654774,,2023-01-01,"13,5 x 21",DANGEROUS VİSİONS,720,30%,"₺750,00","₺525,00",https://wwwithakiyayingrubucom.sm.mncdn.com/wwwithakiyayingrubucom-pictures/f2dccf0f-b38e-4f50-9071-d072c9a2c352_tehlkel-grler.webp,"Döneminin tabularını zorlayan yazarların savaş, cinsellik, din ve iktidar üzerine yazdığı çığır açıcı spekülatif öyküler antolojisi.",https://www.ithakiyayingrubu.com/tehlikeli-goruler
Mars Yıllıkları,RAY BRADBURY,,İthaki Yayınları,Bilimkurgu Klasikleri,9786053758433,,2023-01-01,"13,5 x 21",,312,30%,"₺375,00","₺262,50",https://wwwithakiyayingrubucom.sm.mncdn.com/wwwithakiyayingrubucom-pictures/bb3c68a7-e211-4fbe-995e-c6460a5e80a6_mars-yilliklari.webp,"Dünya'dan Mars'a giden insanların karşılaşmaları, yerleşimleri ve felaketleri üzerinden iki dünyanın hüzünlü tarihi anlatılır.",https://www.ithakiyayingrubu.com/mars-yilliklari
Geri Giden Saat,EDWARD PAGE MİTCHELL,,İthaki Yayınları,Bilimkurgu Klasikleri,9786257442602,,2023-01-01,"13,5 x 21",,144,30%,"₺180,00","₺126,00",https://wwwithakiyayingrubucom.sm.mncdn.com/wwwithakiyayingrubucom-pictures/53e82559-a419-4373-9788-fa501cf76c42_ger-gden-saat.webp,"Zamanın geriye akmasına yol açan bir buluşun, insan ilişkileri ve nedensellik üzerindeki tuhaf sonuçlarını işleyen öncü bilimkurgu öyküleri.",https://www.ithakiyayingrubu.com/geri-giden-saat
Koyunlar Yukarı Bakar,JOHN BRUNNER,CENK PAMAY,İthaki Yayınları,Bilimkurgu Klasikleri,9786258327199,,2023-01-01,"13,5 x 21",THE SHEEP LOOK UP,552,30%,"₺600,00","₺420,00",https://wwwithakiyayingrubucom.sm.mncdn.com/wwwithakiyayingrubucom-pictures/76e83cf1-46ce-46fe-b25c-4cb0a8bdfc59_koyunlar-yukari-bakar.webp,"Çevre felaketleriyle parçalanan yakın gelecekte, kirlilik ve siyasi ihmaller toplumun her düzeyinde yıkıma yol açar.",https://www.ithakiyayingrubu.com/koyunlar-yukari-bakar
2001: Bir Uzay Destanı,ARTHUR C. CLARKE,,İthaki Yayınları,Bilimkurgu Klasikleri,9786053755951,,2023-01-01,"13,5 x 21",,304,30%,"₺330,00","₺231,00",https://wwwithakiyayingrubucom.sm.mncdn.com/wwwithakiyayingrubucom-pictures/f60ab0b1-305b-4f0c-a003-d88f50a6e0c4_2001-br-uzay-destani.webp,"Ay'daki gizemli monolitin ardından Discovery One ekibi Jüpiter'e gider; görev, insanlığın evrimine dair kozmik bir sırla birleşir.",https://www.ithakiyayingrubu.com/2001-bir-uzay-destani
Özerkin Hisarı,GENE WOLFE,,İthaki Yayınları,Bilimkurgu Klasikleri,9786258401707,,2023-01-01,"13,5 x 21",,336,30%,"₺375,00","₺262,50",https://wwwithakiyayingrubucom.sm.mncdn.com/wwwithakiyayingrubucom-pictures/71b875e5-da41-496c-973c-f5d17db66523_zerkn-hsari.webp,"Severian, yeni Autarch'ın yanında savaş ve entrikaların içinden geçerken Urth'un yönetimine ve kendi kaderine yaklaşır.",https://www.ithakiyayingrubu.com/ozerkin-hisari
Bir Kadın Astronotun Anıları,NAOMİ MİTCHİSON,Serim As Özdemir,İthaki Yayınları,Bilimkurgu Klasikleri,9786258327410,,2023-01-01,"13,5 x 21",MEMOIRS OF A SPACEWOMAN,192,30%,"₺250,00","₺175,00",https://wwwithakiyayingrubucom.sm.mncdn.com/wwwithakiyayingrubucom-pictures/5192cb75-d97f-4330-844f-e3163d8ad1dd_br-kadin-astronotun-anilari.webp,"Uzak bir gezegene yapılan keşif seferinin tek kadın üyesi, bilinmeyen bir dünyada hayatta kalma ve anlaşılma mücadelesi verir.",https://www.ithakiyayingrubu.com/bir-kadin-astronotun-anilari
Cennetin Çeşmeleri,ARTHUR C. CLARKE,Gökçe Çiçek,İthaki Yayınları,Bilimkurgu Klasikleri,9786258327687,,2023-01-01,"13,5 x 21",THE FOUNTAİNS OF PARADİSE,336,30%,"₺350,00","₺245,00",https://wwwithakiyayingrubucom.sm.mncdn.com/wwwithakiyayingrubucom-pictures/2c8d9f11-6b57-4268-b362-b080034bde0e_cennetn-emeler.webp,"Bir mühendis, ekvator üzerindeki dev uzay asansörü projesini gerçekleştirirken teknolojik hırsın ve geçmiş inançların direnciyle karşılaşır.",https://www.ithakiyayingrubu.com/cennetin-cesmeleri
Ara İstasyon,CLİFFORD D. SİMAK,Sevda Deniz Karali,İthaki Yayınları,Bilimkurgu Klasikleri,9786052651902,,2023-01-01,"13,5 x 21",WAY STATİON,248,30%,"₺250,00","₺175,00",https://wwwithakiyayingrubucom.sm.mncdn.com/wwwithakiyayingrubucom-pictures/787b1d91-91da-4e3b-837b-e277aa857a16_ara-stasyon.webp,"Galaktik uygarlık için gizli bir aktarma noktası olan çiftlikte yaşayan Enoch Wallace, insanlıkla yıldızlar arasındaki bağın bekçiliğini yapar.",https://www.ithakiyayingrubu.com/ara-istasyon
Dune Çocukları,FRANK HERBERT,,İthaki Yayınları,Bilimkurgu Klasikleri,9786053756026,,2023-01-01,"13,5 x 21",,552,30%,"₺520,00","₺364,00",https://wwwithakiyayingrubucom.sm.mncdn.com/wwwithakiyayingrubucom-pictures/596b7fc7-d007-476f-b77d-4d55f72b2fd8_dune-ocuklari.webp,"Paul Atreides'in çocukları Leto ve Ghanima, Dune'daki imparatorluk entrikaları ve kendi kehanet dolu miraslarıyla mücadele eder.",https://www.ithakiyayingrubu.com/dune-cocuklari
Yıkıma Giden Adam,ALFRED BESTER,,İthaki Yayınları,Bilimkurgu Klasikleri,9786053755494,,2023-01-01,"13,5 x 21",,264,30%,"₺320,00","₺224,00",https://wwwithakiyayingrubucom.sm.mncdn.com/wwwithakiyayingrubucom-pictures/2ea41e88-c12f-4ee1-9111-2ad05b5bf309_yikima-gden-adam.webp,"Telepatların bulunduğu gelecekte bir polis, cinayet işleyen güçlü bir adamı yakalamaya çalışırken zihinsel engelleri aşmalıdır.",https://www.ithakiyayingrubu.com/yikima-giden-adam
Sürgün Gezegeni,URSULA K. LE GUİN,,İthaki Yayınları,Bilimkurgu Klasikleri,9786053755678,,2023-01-01,"13,5 x 21",,144,30%,"₺220,00","₺154,00",https://wwwithakiyayingrubucom.sm.mncdn.com/wwwithakiyayingrubucom-pictures/11fb210a-6c5b-43c6-b20e-b82df058a749_srgn-gezegen.webp,"Uzak bir gezegende mahsur kalan Dünya kolonistleri, yerli halk ve yaklaşan buz çağı karşısında hayatta kalmanın yolunu arar.",https://www.ithakiyayingrubu.com/surgun-gezegeni
Stepford Kadınları,IRA LEVIN,Seçkin Selvi,İthaki Yayınları,Bilimkurgu Klasikleri,9786258327915,Karton kapak,2022-11-02,"13,5 x 21",THE STEPFORD WIVES,144,30%,"₺220,00","₺154,00",https://wwwithakiyayingrubucom.sm.mncdn.com/wwwithakiyayingrubucom-pictures/ca678aee-49b0-43c3-8cea-9ea86441f771_stepford-kadinlari.webp,"Yeni taşındığı kusursuz banliyöde kadınların ürkütücü biçimde itaatkâr olduğunu fark eden Joanna, Stepford'un sırrını çözmeye çalışır.",https://www.ithakiyayingrubu.com/stepford-kadinlari
Kızıl Mars,KİM STANLEY ROBİNSON,Sabri Gürses,İthaki Yayınları,Bilimkurgu Klasikleri,9786053759546,Karton kapak,2019-05-23,"13,5 x 21",,696,30%,"₺680,00","₺476,00",https://wwwithakiyayingrubucom.sm.mncdn.com/wwwithakiyayingrubucom-pictures/6967af09-a286-45b1-a99d-91ca44669ebb_kizil-mars.webp,"İlk yüz kolonist Mars'a yerleşir; gezegenin nasıl dönüştürüleceği, kimin yöneteceği ve insan kalmanın anlamı üzerine çatışmalar başlar.",https://www.ithakiyayingrubu.com/kizil-mars
Dune Mesihi,FRANK HERBERT,DOST KÖRPE,İthaki Yayınları,Bilimkurgu Klasikleri,9786053755319,Karton kapak,2016-01-18,"13,5 x 21",DUNE MESSIAH,296,30%,"₺380,00","₺266,00",https://wwwithakiyayingrubucom.sm.mncdn.com/wwwithakiyayingrubucom-pictures/952fd04e-2f7e-4706-aaf5-78b8df232388_dune-mesh.webp,"İmparator olan Paul Atreides, kutsal savaştan doğan iktidarının bedeliyle ve geleceği görmenin getirdiği trajik seçimlerle yüzleşir.",https://www.ithakiyayingrubu.com/dune-mesihi
