Temperature_C,Moisture_%,pH,Hive_Weight_kg
34.99,72.75,4.16,31.93
33.72,79.34,4.89,25.95
35.3,50.39,4.8,37.1
37.05,78.79,5.9,31.47
33.53,57.25,5.72,33.65
33.53,53.9,4.78,36.96
37.16,42.01,4.5,30.11
35.53,42.11,4.45,31.58
33.06,67.68,5.82,34.05
35.09,58.32,3.66,26.38
33.07,49.06,3.54,30.27
33.07,64.56,5.89,30.63
34.48,50.11,4.93,25.22
30.17,63.11,3.89,41.59
30.55,54.37,4.21,22.96
32.88,72.94,6.3,23.51
31.97,72.83,6.08,36.57
34.63,59.09,5.63,33.57
32.18,54.03,4.95,24.87
31.18,54.5,5.06,33.04
36.93,72.23,6.43,37.34
33.55,53.13,6.4,29.85
34.14,48.36,4.15,42.99
31.15,43.39,5.93,21.38
32.91,58.67,4.09,33.47
34.22,59.29,4.14,35.83
31.7,73.64,5.53,34.46
34.75,48.85,4.72,28.98
32.8,55.24,6.29,28.55
33.42,72.34,3.77,32.22
32.8,72.94,5.03,34.08
37.7,55.38,6.26,33.01
33.97,58.36,6.21,35.2
31.88,52.13,3.97,24.91
35.65,77.3,4.6,28.86
31.56,44.75,5.36,25.3
34.42,77.35,3.98,28.07
30.08,67.35,6.4,35.08
31.34,61.26,6.24,30.54
34.39,41.31,4.0,43.03
35.48,59.02,3.86,30.97
34.34,56.31,3.76,30.3
33.77,46.45,6.23,30.53
33.4,66.26,4.08,26.81
31.04,78.85,4.75,29.71
32.56,62.49,4.85,35.64
33.08,68.59,5.3,30.57
36.11,42.74,3.72,26.03
34.69,56.71,4.18,25.37
30.47,44.65,6.29,27.75
34.65,64.51,6.23,30.37
33.23,77.54,5.84,35.97
32.65,66.47,3.56,23.3
35.22,43.07,4.48,28.4
36.06,54.19,5.38,30.72
35.86,62.03,4.33,20.83
32.32,56.13,6.23,25.83
33.38,73.35,5.4,26.6
34.66,72.59,3.72,26.02
35.95,64.47,6.23,30.96
33.04,54.94,6.37,29.2
33.63,50.21,3.73,27.22
31.79,44.23,5.1,32.14
31.61,54.2,4.41,38.62
35.63,56.53,4.68,38.2
36.71,67.03,4.04,20.39
33.86,66.33,5.23,32.89
36.01,42.8,6.37,29.11
34.72,55.81,5.01,30.78
32.71,47.27,3.75,28.01
34.72,46.27,5.36,30.59
37.08,73.09,4.52,30.76
33.93,41.68,6.07,27.11
37.13,56.77,4.8,25.52
28.76,46.73,4.08,27.76
35.64,75.17,4.07,31.17
34.17,62.28,5.81,32.99
33.4,49.26,4.3,34.27
34.18,60.1,5.8,27.53
30.02,69.26,4.12,31.42
33.56,78.32,4.47,34.81
34.71,48.82,4.9,35.83
36.96,75.45,6.33,29.71
32.96,77.37,6.3,28.9
32.38,76.66,4.12,30.96
33.0,65.42,4.57,24.25
35.83,65.19,3.95,29.03
34.66,56.13,5.03,33.72
32.94,70.1,4.88,33.21
35.03,61.25,6.2,28.65
34.19,67.1,6.29,31.09
35.94,57.14,4.65,25.88
32.6,69.26,4.98,33.52
33.34,72.98,6.19,29.61
33.22,45.86,5.92,28.62
31.07,73.32,3.51,28.19
34.59,61.61,4.46,29.69
34.52,73.79,4.77,27.76
34.01,57.25,4.19,33.29
33.53,55.16,4.1,28.02
31.17,76.6,3.61,37.96
33.16,50.05,5.43,37.33
33.31,73.77,4.29,25.54
32.4,59.36,3.66,30.35
33.68,60.56,4.19,26.75
34.81,52.34,5.91,28.37
37.77,62.92,6.05,40.01
34.35,53.01,4.95,28.46
34.52,41.57,4.75,31.8
33.85,50.88,6.43,32.71
30.16,40.26,4.1,25.0
33.95,79.13,4.15,25.72
34.12,78.63,4.38,23.97
38.93,55.81,4.02,25.57
33.62,69.13,4.64,15.75
34.6,53.83,6.23,32.72
33.93,66.84,5.35,40.27
31.66,72.22,4.74,30.74
36.29,77.87,6.3,22.92
35.5,56.01,3.65,26.79
35.58,71.33,4.13,27.71
32.18,50.64,5.2,24.91
36.81,79.61,5.35,34.3
31.2,41.03,3.62,34.05
35.17,64.14,4.71,24.22
38.38,66.38,5.45,33.63
32.02,67.52,5.59,37.63
32.87,44.82,5.41,39.51
34.2,77.54,4.46,44.33
32.99,47.25,3.78,25.49
30.9,64.91,4.78,44.12
34.14,48.91,3.89,28.23
31.88,52.29,6.34,27.04
34.95,61.86,4.93,31.64
32.16,56.69,4.45,27.09
37.1,46.41,5.8,32.0
32.43,46.84,4.99,23.4
33.36,56.73,4.43,28.81
35.63,70.29,5.94,36.43
31.54,75.92,6.1,29.71
34.45,43.37,5.52,30.71
36.61,55.72,3.64,32.38
30.79,44.01,5.2,35.85
34.37,40.66,5.79,21.72
34.52,66.47,3.91,32.92
35.56,64.1,4.19,28.66
31.53,46.52,6.15,30.83
31.36,49.35,3.56,35.3
35.04,40.95,5.76,24.03
34.59,73.4,4.92,24.94
34.5,78.99,4.84,20.32
34.69,45.42,3.52,27.25
32.64,49.26,5.96,36.65
34.46,74.74,4.58,29.4
34.59,77.06,5.12,23.3
32.57,56.79,5.53,27.57
37.73,42.02,5.61,22.56
34.95,41.58,6.37,24.37
31.62,62.96,5.09,31.94
35.31,55.72,4.7,24.13
32.05,41.15,6.36,35.56
35.57,63.33,5.43,29.64
36.32,40.45,4.39,30.43
32.36,71.49,3.88,28.61
35.93,52.26,6.03,33.86
34.83,41.61,4.59,33.92
35.64,63.53,5.48,31.68
37.79,55.91,4.91,32.82
33.51,78.95,4.1,28.94
32.49,61.77,5.31,32.71
32.22,51.01,3.68,28.31
32.37,68.38,4.74,30.01
33.85,50.86,5.14,28.63
34.68,76.17,4.81,27.71
34.55,54.99,5.75,26.55
35.65,61.99,5.98,32.34
34.03,42.02,5.81,36.55
36.91,57.04,3.62,35.86
33.47,73.29,4.08,23.72
39.44,72.23,5.11,36.45
35.25,48.97,6.3,28.41
32.29,49.04,6.0,33.0
31.86,72.69,6.03,25.47
34.96,77.22,4.41,30.71
33.55,43.81,4.79,31.57
35.43,58.0,4.91,22.58
34.95,53.5,3.97,33.04
33.85,74.83,3.59,36.73
32.31,43.34,6.34,29.13
30.97,48.45,4.22,36.8
33.11,70.1,4.22,29.05
35.71,42.05,3.75,34.25
34.43,59.7,6.29,18.91
31.51,57.68,5.24,42.09
34.35,53.38,5.5,37.48
34.77,55.78,6.23,28.58
32.23,61.2,4.54,20.14
34.31,46.45,5.36,31.44
34.12,62.88,3.62,22.78
31.71,72.22,4.06,32.22
34.72,70.41,5.99,32.06
35.12,46.16,5.8,25.29
36.17,45.97,4.55,35.6
36.11,50.73,4.63,34.03
31.24,54.44,5.1,34.88
32.12,56.34,3.5,30.04
35.03,67.19,4.22,22.92
35.03,42.27,4.12,34.89
35.03,41.39,4.25,28.65
41.71,55.68,5.92,23.05
35.14,67.89,4.34,36.76
36.27,47.74,4.07,40.5
35.91,65.66,5.01,29.79
35.3,50.39,6.1,40.8
33.37,75.44,4.22,30.46
35.52,75.83,3.74,28.1
32.45,51.89,4.57,26.85
33.53,49.2,5.74,38.19
33.03,56.45,5.15,26.1
34.16,49.62,5.95,33.68
38.63,66.9,6.38,27.2
30.27,73.04,5.88,27.7
35.37,66.92,5.31,35.15
30.77,72.97,4.98,28.1
33.06,55.88,3.62,27.98
36.18,46.25,6.45,35.66
34.13,69.52,4.65,37.99
31.84,54.42,3.96,33.22
32.57,66.85,5.5,26.73
35.36,50.83,4.35,27.45
32.54,43.25,5.26,30.4
34.43,79.7,5.26,31.6
34.09,46.25,4.84,25.06
32.7,79.54,6.01,33.62
38.29,79.09,4.29,30.43
35.27,71.75,4.85,21.42
29.95,66.38,5.11,25.36
34.37,63.11,5.49,27.48
32.68,74.64,5.85,29.64
35.7,51.58,4.68,39.45
32.41,58.71,5.44,31.19
33.77,64.78,3.95,25.8
35.01,56.45,6.3,31.1
35.73,57.1,4.65,28.24
31.6,53.21,5.69,31.62
33.33,62.57,3.56,32.9
33.05,74.02,4.12,36.05
32.69,48.06,4.96,29.88
37.53,77.38,6.13,38.19
34.81,67.56,5.08,34.54
31.48,72.93,6.29,26.46
35.84,62.25,4.95,41.05
38.24,71.18,4.97,31.63
36.06,40.65,3.86,25.82
30.96,72.74,5.91,38.26
33.03,41.61,4.24,40.39
36.53,75.6,6.2,29.83
32.58,79.68,6.23,27.48
34.89,51.76,6.33,29.14
35.55,48.41,5.06,33.57
32.15,70.61,5.53,36.39
33.88,50.12,5.84,32.85
27.52,74.62,3.89,30.51
31.95,44.11,5.3,37.49
33.49,45.04,3.6,28.44
31.5,79.17,4.99,35.15
37.26,66.95,3.96,28.56
31.14,73.88,4.05,32.16
33.12,52.97,4.6,29.43
34.26,67.06,4.8,29.72
36.88,63.77,5.37,28.11
31.13,64.13,3.72,36.72
36.33,67.3,5.01,26.34
34.02,63.01,4.05,26.3
32.04,57.16,5.22,40.6
34.92,51.04,5.41,34.89
34.4,70.74,5.17,18.07
32.8,49.05,5.71,27.17
34.14,67.69,4.51,20.94
33.23,49.33,5.8,25.25
34.23,65.01,4.8,14.31
35.32,69.88,4.95,29.32
37.17,48.75,5.44,24.29
31.52,42.4,3.56,30.3
38.27,45.24,5.46,21.87
30.1,64.24,5.36,30.41
33.7,73.98,4.43,27.93
35.18,41.8,3.76,37.51
34.56,69.37,3.77,37.06
32.75,53.65,6.27,33.93
33.58,59.14,5.57,28.37
33.01,77.15,3.88,39.93
32.82,53.28,4.57,22.23
35.7,58.61,5.28,22.98
34.71,40.55,6.01,29.58
32.61,43.26,3.63,41.27
35.8,50.34,4.21,28.99
34.61,41.11,6.17,29.08
35.63,65.26,3.53,22.79
35.26,57.06,4.1,34.73
32.34,61.93,6.38,34.77
32.88,46.99,5.34,33.95
35.49,51.84,4.29,26.85
35.22,66.55,3.7,26.47
33.96,78.61,3.58,23.53
34.23,42.02,4.23,30.42
36.56,75.62,6.14,24.6
32.82,63.08,4.75,24.11
35.09,62.56,5.66,27.88
33.6,60.01,6.25,27.55
33.56,42.78,4.72,27.31
36.2,43.6,4.07,32.33
35.65,64.04,5.05,30.4
35.63,53.64,6.22,28.56
36.61,76.69,5.91,30.92
34.04,56.26,3.7,25.04
35.36,45.73,5.58,30.53
33.38,68.59,5.22,30.75
34.65,51.73,6.22,22.48
33.74,61.02,3.87,34.98
34.19,67.91,5.1,25.59
35.19,76.01,6.14,30.45
32.36,71.69,4.73,35.82
38.18,67.05,4.95,34.63
31.99,67.19,3.71,30.17
31.57,77.84,4.33,28.19
36.32,51.83,4.47,34.74
35.58,40.04,6.34,33.37
35.25,50.88,4.35,26.91
35.26,48.72,4.88,26.03
33.98,66.47,5.51,19.64
32.21,65.35,3.99,30.77
34.15,63.74,4.96,29.59
32.65,40.65,5.72,35.68
35.95,69.15,6.1,31.8
33.71,52.94,5.38,36.67
32.35,66.6,5.51,26.51
33.36,62.26,3.88,35.69
34.83,53.71,6.34,27.36
32.87,45.38,3.9,33.89
32.36,43.78,5.82,22.71
34.49,73.26,4.29,31.18
34.49,76.74,6.3,20.08
32.99,65.99,5.66,28.66
33.06,44.14,5.76,32.2
34.46,56.08,4.16,27.4
31.1,69.16,4.83,24.75
31.19,71.19,5.35,34.23
32.56,44.73,5.81,29.48
33.57,40.0,3.81,27.55
34.62,68.49,6.39,30.21
36.95,54.26,6.17,43.18
35.72,50.18,4.31,35.77
33.68,40.52,5.97,35.81
33.96,61.61,5.05,32.18
31.99,74.05,4.89,30.83
33.96,78.31,4.44,18.02
33.42,62.63,5.24,26.61
34.65,60.58,5.69,27.6
32.35,43.4,4.73,20.63
35.04,61.95,5.39,24.21
37.07,55.2,5.6,20.1
33.78,64.29,5.63,29.81
34.8,55.55,3.66,34.09
35.38,49.61,6.08,35.53
33.2,43.8,4.87,32.07
34.45,52.6,4.29,25.18
34.03,43.87,4.23,20.34
34.2,47.08,4.95,21.22
32.45,79.49,6.16,23.66
34.05,57.76,4.64,25.56
35.0,61.27,5.75,29.2
36.9,74.94,3.79,24.93
35.92,79.82,4.93,31.69
38.31,63.31,6.48,28.84
32.47,72.5,5.81,30.05
35.74,53.08,4.13,35.7
34.37,52.23,5.0,24.1
38.38,56.11,4.2,32.09
32.38,66.9,4.73,29.93
32.32,67.29,5.84,28.33
32.8,52.61,5.81,34.43
29.75,45.33,4.18,34.4
32.95,65.3,6.27,25.27
32.48,45.13,5.28,29.09
34.3,63.14,4.64,31.41
34.68,67.74,5.01,28.63
37.75,68.02,5.32,32.93
35.9,70.14,5.18,31.41
32.85,74.91,4.96,39.16
32.2,60.0,5.01,22.35
34.98,69.21,4.03,29.39
31.36,64.77,5.94,25.46
37.66,47.47,5.13,33.02
36.36,41.03,3.89,21.91
33.06,51.38,5.8,31.73
30.57,57.72,6.3,26.85
36.71,64.68,6.34,26.33
33.77,74.0,4.61,22.77
36.48,47.85,3.91,27.67
30.81,45.02,5.06,35.42
32.8,78.54,3.84,29.87
34.01,44.32,6.3,33.14
34.09,59.14,4.05,38.32
33.1,63.42,4.26,31.32
35.25,61.65,4.72,27.21
31.86,43.44,4.65,32.34
33.72,42.28,5.88,27.28
34.24,44.22,4.87,27.48
35.03,63.42,4.01,22.4
35.42,61.77,4.3,34.63
31.75,49.35,5.03,28.07
30.93,65.51,3.94,30.91
36.56,72.8,5.33,24.82
34.66,41.66,5.2,32.18
32.5,59.93,5.64,26.19
37.1,67.57,6.31,29.29
34.23,50.09,6.24,34.39
36.36,52.31,6.34,33.95
34.14,64.55,4.23,29.89
38.12,75.92,3.89,21.16
37.51,72.4,4.41,44.96
33.5,63.33,6.19,38.73
35.94,69.21,6.42,33.61
35.29,54.59,6.08,26.23
36.74,65.64,3.83,29.43
32.07,58.65,6.34,27.28
35.37,47.6,4.77,36.32
36.12,68.07,3.53,31.31
30.48,62.26,4.83,26.08
31.63,54.34,3.64,27.65
29.92,76.45,5.13,35.61
33.46,40.84,4.52,38.0
35.44,52.63,4.92,37.64
37.0,42.28,5.34,33.79
34.15,70.66,6.11,28.74
37.26,68.08,5.49,13.79
31.24,53.25,4.8,31.49
30.59,67.03,5.96,29.99
33.89,55.84,6.22,30.7
34.77,70.25,3.86,30.27
33.93,58.17,5.1,23.37
29.87,56.49,4.35,32.79
33.82,77.39,3.64,33.16
31.39,50.04,5.51,33.41
35.34,44.82,6.09,34.73
34.73,63.38,3.99,33.02
32.12,78.77,5.94,27.95
32.97,55.11,6.06,29.65
31.88,42.48,6.24,30.46
33.87,53.57,4.3,30.54
35.91,60.24,6.21,34.99
32.03,46.48,4.46,33.22
35.01,66.32,5.16,40.39
32.94,79.91,3.65,41.03
32.41,58.07,3.63,30.4
33.79,54.19,5.66,10.82
31.93,56.03,4.83,36.18
32.89,44.61,4.27,27.3
31.6,75.33,4.07,25.99
37.93,56.59,5.51,28.01
34.07,55.49,3.5,27.77
32.6,66.39,5.92,33.06
34.43,57.68,3.74,22.2
33.78,65.93,4.07,24.61
33.56,42.46,4.66,31.72
35.23,72.55,4.95,33.11
35.52,77.62,4.56,33.21
32.94,65.95,4.46,26.06
32.85,78.18,6.39,25.11
33.45,46.06,5.42,27.47
29.4,59.1,3.57,31.2
30.97,64.07,4.79,37.43
36.73,63.27,6.13,19.76
37.29,56.06,4.4,28.9
33.5,53.52,3.78,23.34
35.15,45.07,5.78,21.74
34.62,55.67,5.32,34.83
40.16,46.51,5.21,32.72
36.24,69.37,3.66,32.25
33.74,48.35,3.92,34.61
32.09,42.34,5.37,27.6
30.79,62.09,4.12,27.84
34.41,63.81,5.01,40.93
32.49,74.88,5.13,28.77
31.16,63.08,4.35,33.68
32.71,53.82,6.35,30.03
31.84,72.12,6.03,20.76
37.37,61.61,5.67,19.78
35.76,43.17,3.73,27.11
33.98,62.63,3.82,35.28
36.96,76.32,4.98,33.94
34.15,55.85,3.98,34.57
32.28,51.85,6.43,25.06
37.05,45.74,3.98,38.08
35.08,46.06,4.96,25.18
31.93,57.31,4.59,31.06
33.62,63.83,5.42,29.95
32.25,43.22,3.89,29.13
31.23,77.58,4.79,36.69
35.85,70.21,4.32,26.47
37.82,63.46,6.16,23.25
31.2,73.14,3.62,30.1
35.13,43.21,6.24,28.0
32.7,59.07,6.0,46.89
33.03,65.2,4.39,33.38
32.82,73.15,5.87,27.95
32.27,71.34,3.59,24.72
34.1,51.08,6.4,20.6
32.34,77.64,5.08,24.87
34.54,44.97,4.41,30.57
33.9,75.01,4.59,37.14
33.52,78.84,3.7,35.61
32.18,47.09,6.47,31.15
32.85,68.88,3.62,28.38
35.51,41.61,5.46,31.34
35.0,56.22,4.83,27.41
32.04,60.65,6.35,38.59
34.2,63.23,4.24,29.05
35.5,77.44,5.1,29.57
30.66,66.89,4.95,18.92
35.09,59.25,5.61,29.02
32.67,72.39,3.7,34.18
35.14,78.02,4.08,24.66
32.47,40.88,4.14,26.25
30.39,79.3,5.71,33.96
30.74,43.45,4.07,22.62
34.1,72.58,5.22,35.29
34.52,51.21,4.15,27.34
32.19,45.29,6.08,28.06
35.28,57.59,6.33,24.38
30.68,65.76,5.06,31.89
33.87,55.24,4.56,42.3
31.58,42.18,4.2,33.91
32.7,63.98,3.65,25.68
34.09,76.1,4.31,35.68
32.28,55.33,5.46,28.42
33.23,48.65,5.1,36.87
36.01,57.7,6.33,34.03
32.85,41.93,4.69,15.28
35.67,72.82,5.58,24.98
31.74,73.05,4.97,34.72
35.06,63.52,5.04,30.76
36.88,54.12,4.3,24.88
29.06,71.99,4.86,26.83
32.41,62.19,4.91,20.47
35.15,73.04,5.62,29.56
33.59,65.26,6.32,41.05
34.74,71.38,4.49,34.02
32.79,63.94,3.63,40.95
34.17,56.57,4.99,34.41
33.69,78.32,5.13,35.14
36.34,61.64,4.01,39.87
34.51,64.2,5.78,31.89
34.68,48.82,6.45,29.06
33.18,65.03,6.34,35.16
33.02,62.86,4.09,37.27
33.13,47.39,6.13,27.6
34.79,42.38,5.61,26.39
33.16,64.17,4.86,30.69
34.58,70.55,5.12,34.16
38.15,60.94,6.05,33.99
35.74,49.07,4.94,22.88
33.35,66.66,4.62,39.56
36.4,43.2,4.98,26.79
33.18,57.67,5.24,28.67
29.92,46.53,4.07,25.49
31.98,47.38,6.2,43.49
30.26,48.09,5.52,31.21
33.3,55.47,5.4,25.75
34.04,42.05,3.8,34.32
37.35,55.91,5.31,33.85
34.65,60.47,3.86,29.06
33.56,59.33,3.74,34.2
35.66,55.31,5.08,25.87
29.58,73.57,4.71,27.54
34.47,45.81,5.27,19.95
35.54,60.23,3.77,23.38
31.04,42.48,4.79,39.04
36.29,42.85,4.02,38.21
34.68,62.95,6.46,30.33
33.17,62.64,5.18,38.31
35.27,75.12,5.56,29.2
38.54,62.31,4.48,28.78
34.36,78.39,3.78,30.28
34.5,41.95,6.43,29.38
33.08,43.92,4.36,28.92
32.3,41.76,4.77,35.72
35.66,47.41,5.45,30.75
32.29,61.65,3.57,33.56
34.14,65.82,5.93,35.16
33.04,41.82,5.11,31.94
34.96,77.84,4.33,25.15
34.67,73.69,3.68,23.24
36.08,51.86,3.99,30.74
32.98,43.09,6.19,29.14
33.46,46.8,5.56,30.44
32.04,45.08,4.25,29.92
33.11,44.93,3.7,42.92
34.75,60.74,5.57,23.35
35.51,49.83,5.22,20.05
32.16,54.33,4.71,31.66
35.74,79.58,4.59,28.12
36.71,67.37,4.15,31.58
34.83,77.96,5.51,32.92
37.75,45.7,6.41,36.42
32.45,55.29,4.03,22.46
31.51,62.19,5.29,27.22
30.44,43.07,4.77,32.14
36.99,40.17,4.84,33.85
35.31,66.82,4.26,40.97
33.89,65.67,5.98,34.78
34.56,56.43,4.96,29.72
31.75,59.59,5.13,25.55
38.89,56.62,4.41,27.18
34.26,40.96,4.05,27.04
34.22,53.41,3.76,33.28
35.45,47.08,5.64,31.28
34.96,43.94,4.09,23.38
34.45,78.27,5.57,27.82
32.42,63.97,4.67,34.39
34.94,69.15,4.75,31.76
37.76,52.61,4.91,32.84
36.69,55.73,4.6,31.91
37.19,49.48,3.8,38.13
32.98,43.88,4.43,31.18
32.02,47.16,5.49,28.07
33.75,71.9,5.5,25.42
34.11,67.1,4.36,31.25
36.19,61.88,4.88,17.8
30.62,59.0,4.08,29.08
37.06,76.9,4.13,28.97
33.68,42.91,3.57,23.18
33.15,51.22,6.19,25.36
31.98,54.0,4.13,34.05
30.69,71.3,4.18,31.15
35.65,79.7,4.34,30.51
34.15,49.63,3.88,31.53
31.42,74.97,5.42,30.46
31.41,73.22,3.73,36.21
33.33,48.99,3.9,30.62
37.34,55.97,5.43,22.71
33.48,56.39,4.52,38.15
30.99,79.13,5.62,31.85
33.51,47.24,5.17,27.05
33.45,71.97,4.27,23.73
28.61,53.37,5.45,31.98
33.89,69.23,3.85,29.41
33.54,56.8,5.11,37.87
35.39,63.13,4.81,28.27
37.7,73.3,4.3,25.81
36.25,72.17,5.31,34.48
33.46,74.66,6.11,34.63
31.79,42.38,6.5,30.84
39.15,67.68,5.32,33.38
34.12,45.6,4.71,29.81
34.03,56.63,4.18,31.17
33.95,61.94,4.27,35.82
34.4,56.11,4.94,33.13
33.71,60.78,4.6,29.15
32.85,79.86,6.24,36.76
32.91,45.41,4.6,18.18
33.93,67.02,4.62,40.26
32.91,55.84,4.65,21.47
32.57,45.32,6.01,26.86
34.21,46.35,5.45,29.8
33.49,77.97,5.34,29.27
37.01,75.18,4.5,35.03
28.7,76.28,5.95,24.71
36.18,79.66,3.62,31.3
36.49,48.33,6.11,27.11
29.85,54.22,5.04,31.48
33.31,66.77,4.69,29.68
33.26,59.35,4.99,30.46
31.18,56.74,5.5,27.25
32.44,54.31,3.54,27.45
31.78,63.75,6.11,31.44
37.5,63.02,4.84,34.72
35.87,46.46,4.53,27.01
36.54,58.87,3.91,25.66
35.44,62.14,4.82,33.07
31.74,62.81,4.99,29.84
32.95,48.4,4.71,34.15
34.98,69.69,5.54,25.47
31.56,41.01,4.76,21.1
35.43,54.19,6.38,27.33
33.52,71.21,5.3,26.17
33.25,62.56,5.92,29.61
35.42,50.45,3.83,26.82
34.89,67.8,4.69,33.71
33.28,62.7,4.51,28.56
36.32,71.85,5.21,30.75
31.84,69.4,6.08,30.79
35.23,64.4,3.74,30.97
35.19,59.53,3.72,29.88
33.38,45.33,6.05,32.55
34.65,50.45,4.14,26.02
31.5,56.76,5.51,37.0
35.85,63.97,5.13,28.82
33.63,60.55,6.0,23.44
32.95,51.53,3.88,30.94
36.1,40.26,3.89,25.74
32.59,59.85,5.17,33.33
31.18,51.43,6.34,41.05
30.89,69.38,4.74,26.07
35.21,40.96,4.48,31.66
31.44,63.39,5.32,21.22
37.51,77.66,6.29,32.27
29.84,46.98,6.01,25.57
37.39,58.87,6.49,26.88
34.42,43.66,3.57,24.49
33.81,65.03,3.84,33.66
32.91,62.02,5.33,35.04
34.8,56.29,5.96,30.12
33.92,60.86,4.36,25.68
36.21,75.86,4.22,37.95
34.23,47.85,5.86,26.25
34.3,40.9,3.67,19.19
33.27,74.47,4.61,32.29
33.89,63.08,5.02,24.48
34.62,75.63,5.18,34.94
30.58,63.88,5.69,28.09
31.3,72.41,4.56,33.02
35.49,57.19,5.34,37.01
34.34,69.99,5.26,23.96
33.63,76.52,5.14,27.17
34.04,62.88,5.42,29.62
34.7,47.23,4.28,37.69
32.92,50.75,3.75,26.71
32.44,47.95,3.86,27.03
34.39,49.87,4.17,32.39
32.04,52.26,5.0,27.11
34.82,62.21,6.02,30.76
30.59,63.52,5.6,22.24
36.06,57.06,5.87,41.07
34.95,64.62,4.55,23.26
34.51,43.26,4.71,28.39
35.97,43.51,4.68,29.84
37.33,46.87,4.08,39.56
36.03,60.72,3.68,23.38
30.32,48.56,5.27,39.92
31.44,51.33,6.47,33.79
32.75,56.01,4.0,32.09
34.05,72.47,3.64,25.08
35.04,40.55,5.84,32.86
32.55,65.98,4.26,26.38
34.37,66.76,5.99,36.33
32.49,71.95,5.61,25.14
32.78,77.31,6.34,29.43
31.19,40.81,4.73,27.22
32.15,46.15,5.49,25.06
31.3,75.45,4.89,33.71
32.05,58.34,5.39,32.68
36.11,62.58,4.85,36.05
32.1,66.52,4.07,21.1
39.26,67.16,5.02,35.32
34.99,77.27,5.09,42.53
34.37,79.88,5.93,27.74
32.28,68.81,5.71,39.48
35.4,51.49,5.49,28.68
32.85,75.19,3.84,23.14
34.24,41.97,5.66,28.47
39.12,49.24,5.0,35.24
33.81,75.9,6.18,25.81
36.3,50.25,6.26,27.0
32.59,48.83,3.67,32.97
33.93,45.53,5.96,30.02
37.54,74.36,3.61,32.92
32.75,60.0,4.6,31.19
37.62,67.0,5.13,32.4
35.42,49.56,3.94,27.84
32.88,70.32,5.74,31.16
35.26,70.4,3.53,25.36
35.95,52.5,4.01,36.44
35.24,56.43,5.24,26.83
30.86,48.39,5.64,35.64
32.55,79.06,6.25,28.83
33.5,65.82,5.62,31.01
33.85,77.38,5.52,27.53
35.24,52.14,4.68,24.92
34.36,71.28,3.5,21.28
31.33,70.63,3.86,24.72
34.76,67.67,5.1,28.38
35.22,78.63,5.53,31.06
35.12,55.74,4.75,35.05
36.16,45.23,5.69,27.77
35.67,66.87,5.07,25.59
34.92,69.17,3.72,22.79
33.86,63.0,4.08,32.4
30.68,48.27,6.02,36.92
34.86,60.18,5.67,36.33
34.42,52.49,6.18,33.55
34.54,57.1,3.85,33.19
31.45,65.81,6.47,38.49
31.84,69.81,4.13,31.66
36.11,49.29,3.54,33.23
33.92,56.21,6.49,28.4
35.36,50.77,4.34,23.19
34.06,47.95,5.5,26.58
34.06,71.34,4.03,29.95
35.88,76.37,5.24,30.3
32.97,54.81,6.21,39.63
34.19,70.05,4.46,30.41
33.08,75.88,5.51,35.89
33.13,73.84,4.06,27.82
33.38,47.31,5.37,28.44
34.44,78.25,4.51,23.35
33.04,55.07,4.13,26.29
36.51,53.57,4.44,32.63
32.21,42.5,4.04,30.04
33.63,59.45,6.21,34.71
33.12,44.36,4.69,30.91
36.89,49.94,4.24,28.24
34.39,52.68,4.85,40.74
36.06,72.35,4.46,29.53
31.03,75.02,5.73,35.82
34.53,52.1,6.41,27.99
35.78,74.35,4.81,33.55
34.16,74.29,6.08,34.64
36.13,70.59,5.2,31.04
32.97,45.87,3.97,18.23
36.82,67.61,5.57,30.09
38.6,77.8,5.04,36.15
33.27,67.3,5.45,32.64
33.11,53.26,6.17,32.23
36.91,60.02,4.82,21.39
37.16,65.83,6.2,26.4
32.95,60.42,5.75,32.06
33.16,44.8,4.97,32.05
33.44,52.48,5.31,36.07
31.31,72.1,4.48,29.28
32.16,74.46,6.45,32.03
31.99,45.49,5.5,30.08
32.46,78.1,3.63,25.07
33.93,53.15,4.48,18.72
34.47,66.49,5.37,32.16
37.1,70.07,3.67,30.87
32.0,72.48,3.57,26.91
35.97,77.83,4.85,21.9
33.57,52.52,4.5,33.15
33.9,74.34,4.81,28.67
35.35,45.27,4.29,32.78
31.75,68.2,3.99,39.32
34.76,69.68,5.57,19.29
34.33,67.11,5.04,26.5
34.98,50.09,4.1,28.95
34.58,74.92,4.46,37.27
38.91,46.75,5.28,21.82
32.72,42.15,3.72,39.68
32.94,68.7,3.94,30.68
32.75,59.02,3.72,29.52
32.89,73.96,5.94,29.01
32.73,55.34,5.76,27.82
36.38,46.73,5.76,35.24
36.84,73.46,5.65,24.66
32.86,61.96,5.51,31.73
32.34,47.57,4.93,28.08
34.94,68.82,5.43,26.19
32.9,60.44,3.62,42.93
35.27,64.17,5.36,32.1
34.41,58.44,5.83,33.07
30.97,73.15,5.0,35.69
37.1,73.18,4.57,22.89
37.59,68.38,4.33,38.76
32.77,44.22,5.43,17.46
33.22,73.55,5.58,26.16
34.57,66.84,6.11,27.7
34.67,67.88,4.53,32.91
35.32,54.52,5.81,31.09
38.02,75.17,5.18,29.17
33.65,69.01,6.15,29.94
32.4,44.5,5.08,25.11
31.24,56.31,5.05,22.51
32.54,75.46,5.23,33.63
33.93,41.89,5.75,33.47
37.59,78.46,6.39,37.92
32.96,67.17,3.72,26.05
34.45,65.26,3.66,33.46
33.97,50.82,6.31,28.58
36.38,49.95,5.09,35.95
39.05,77.68,5.34,35.11
32.94,51.93,4.95,31.06
33.02,71.02,3.78,28.3
36.09,55.72,5.8,34.8
35.36,45.57,5.74,33.23
37.69,40.43,4.44,26.58
35.17,61.77,4.42,23.36
33.28,79.03,6.01,28.56
35.18,54.77,3.72,37.58
36.22,54.29,6.14,35.73
35.64,53.76,4.27,24.44
35.01,60.82,5.28,24.16
36.13,57.63,6.31,36.37
36.34,75.2,5.53,24.32
36.76,60.22,4.74,32.55
35.3,60.31,5.57,26.92
33.67,45.53,4.53,38.09
34.29,79.31,4.33,26.15
36.41,50.0,6.49,35.72
32.37,42.93,5.75,30.92
34.74,66.53,5.43,31.26
33.21,63.81,4.57,20.15
34.06,56.61,3.65,18.99
36.56,56.89,3.59,28.9
34.38,71.4,5.16,31.23
34.09,47.83,5.79,24.37
31.28,72.81,5.11,24.56
35.49,65.95,6.02,32.81
35.29,56.76,3.6,32.81
38.33,58.32,4.6,29.31
33.38,50.27,4.21,33.9
34.44,70.08,4.84,24.13
34.5,60.51,3.72,28.22
37.15,52.83,6.36,38.24
33.81,63.84,4.17,30.34
34.56,79.83,6.27,30.63
35.22,57.41,4.78,41.53
34.37,76.83,6.46,23.0
33.11,53.8,5.16,33.98
34.39,42.19,6.29,38.32
36.15,48.17,3.52,28.38
31.95,56.75,5.74,34.3
34.27,48.79,6.21,25.09
32.6,40.01,3.92,26.57
36.39,76.6,3.79,31.92
30.95,73.76,4.77,33.99
32.88,69.69,6.3,35.6
34.75,46.71,5.13,37.85
37.13,44.81,5.08,29.66
33.87,42.7,3.92,35.97
32.89,68.96,3.5,28.29
37.76,77.15,5.93,34.51
31.1,57.22,3.76,31.04
29.6,44.77,5.4,32.23
34.88,60.5,6.24,32.12
33.0,53.95,4.13,21.98
31.96,54.99,5.5,24.38
35.42,64.85,3.74,30.51
34.49,68.75,5.31,21.56
32.87,44.42,3.99,34.16
31.44,41.42,5.71,34.36
35.74,79.77,4.4,31.64
35.3,49.31,4.89,24.39
33.8,42.15,5.3,36.9
37.69,47.6,4.01,40.19
31.86,41.56,5.72,30.74
30.95,55.67,4.41,32.55
32.62,72.1,5.49,31.01
33.91,53.65,3.97,32.65
34.49,57.77,5.56,29.4
33.52,67.02,3.88,29.83
34.7,60.36,4.78,34.53
31.5,74.46,4.24,41.73
36.89,74.64,5.75,23.0
33.84,40.4,4.29,29.48
36.23,71.12,6.15,24.1
34.69,58.43,6.18,37.96
34.91,79.55,4.09,27.06
35.14,59.33,5.34,22.78
34.9,79.48,3.76,33.19
35.29,70.18,4.67,38.72
36.66,49.94,5.64,33.32
34.39,61.54,5.48,31.02
35.42,79.69,5.37,32.05
33.82,74.3,4.35,37.07
36.88,43.89,4.63,25.63
32.65,68.25,3.81,29.44
37.6,53.82,5.66,27.74
33.92,40.28,5.01,24.16
31.14,56.14,5.63,28.36
34.26,49.39,4.25,35.54
32.64,72.75,4.47,32.83
35.68,53.49,4.5,33.22
32.69,73.1,3.58,30.73
33.11,40.02,4.52,32.62
30.22,52.31,5.91,26.0
33.1,49.65,6.19,28.45
29.15,49.34,5.05,30.96
30.83,42.73,4.87,31.39
35.52,47.48,3.59,31.6
35.57,62.22,6.14,29.31
34.85,51.65,3.54,28.11
32.07,56.7,6.33,45.79
33.9,55.07,4.97,34.53
33.99,75.04,4.53,32.07
31.68,76.21,6.27,28.83
37.01,59.72,3.57,27.74
35.75,53.21,5.24,29.35
33.56,44.27,5.15,31.46
34.05,78.14,4.16,20.6
34.42,42.41,4.79,22.15
29.92,51.91,5.46,26.82
33.51,51.92,5.68,31.04
32.64,52.82,3.5,28.8
32.0,46.57,6.31,37.39
33.44,71.33,3.99,22.59
37.6,44.9,4.2,26.24
35.28,65.4,4.29,37.6
32.86,44.95,3.61,30.66
35.15,42.82,3.87,34.42
36.8,76.38,6.46,40.26
35.85,47.61,4.45,26.53
34.12,72.85,3.85,29.5
32.71,61.79,3.82,28.64
35.4,43.11,5.66,20.23
34.79,78.22,6.06,28.45
35.79,49.88,4.27,34.41
35.27,74.39,3.56,32.7
36.1,46.75,4.17,33.1
32.93,74.16,3.67,28.12
36.63,40.53,3.81,26.72
34.4,60.47,4.79,36.35
38.15,70.78,4.19,27.51
32.62,77.39,5.05,31.47
37.47,76.37,4.26,30.82
34.4,72.78,6.32,37.31
32.7,75.53,6.22,34.86
33.03,47.97,5.2,23.52
33.36,51.37,4.56,24.06
34.85,51.56,4.64,32.89
35.05,55.08,4.74,29.68
32.85,55.73,5.68,27.72
33.95,61.78,4.85,35.08
38.28,46.4,6.07,30.94
37.46,67.65,6.33,30.26
34.87,46.7,4.51,33.9
34.08,52.41,5.18,28.12
34.24,60.13,3.79,37.84
35.23,71.86,4.1,26.06
31.95,69.58,4.74,33.28
33.49,65.82,4.12,37.17
30.66,46.23,6.13,23.11
34.8,61.88,3.97,28.28
35.29,43.5,4.87,35.71
33.03,55.09,5.32,35.79
37.15,56.54,5.58,29.14
31.55,41.59,4.65,26.33
31.07,50.96,6.11,34.78
34.45,78.23,5.2,35.92
36.09,78.15,4.82,24.18
37.37,54.09,3.7,23.98
33.08,41.72,4.89,31.13
36.16,47.16,5.96,33.15
33.92,55.69,5.34,28.5
33.65,77.91,6.0,33.4
35.77,45.65,4.98,26.45
35.3,70.54,3.86,19.43
30.85,44.35,3.54,27.88
36.95,79.25,4.41,30.32
36.76,55.26,5.59,28.62
32.75,71.01,5.87,24.21
34.79,53.7,4.39,20.92
34.99,65.11,4.99,27.43
34.52,47.68,4.76,34.49
32.9,45.84,4.73,36.28
32.66,77.52,4.19,35.94
33.95,76.71,3.91,25.92
36.35,75.5,4.09,24.23
35.09,65.02,3.67,32.48
33.26,72.33,4.09,33.18
35.54,42.76,3.53,32.0
28.3,53.39,5.38,19.93
36.3,52.55,4.45,25.67
30.52,65.43,6.42,29.85
33.28,54.24,4.08,32.44
31.76,45.94,4.54,33.84
31.41,63.86,4.57,30.72
36.32,72.58,3.53,31.65
33.06,55.28,6.02,30.42
34.69,45.29,3.6,33.43
33.91,47.87,6.32,31.56
34.95,49.5,6.18,30.33
34.15,52.0,5.11,28.66
31.43,65.71,5.13,30.41
35.99,64.04,5.46,32.42
33.01,67.84,4.66,31.34
30.89,54.5,5.44,31.9
33.14,72.96,3.63,36.71
37.0,48.16,3.66,31.33
35.7,58.76,4.87,26.76
33.3,72.04,5.15,34.42
33.3,47.21,6.16,23.17
33.36,44.39,3.81,24.59
38.15,75.35,5.97,31.68
34.76,53.72,4.13,32.58
34.86,67.35,4.68,23.77
36.06,41.01,4.45,28.09
34.48,67.6,4.7,26.97
33.48,52.64,3.95,27.57
33.61,42.23,5.01,34.72
33.86,64.39,5.9,33.53
33.93,49.63,4.82,29.9
35.46,55.47,4.97,27.27
34.1,43.22,6.05,23.25
35.47,45.89,5.62,37.1
33.84,51.92,4.97,32.96
34.16,43.59,4.27,26.47
30.0,76.43,6.15,33.6
35.83,40.24,5.23,29.65
34.69,59.35,4.16,28.56
36.0,44.93,4.31,32.18
28.21,52.31,5.91,26.29
38.18,77.04,3.63,28.28
33.72,46.47,6.48,30.61
36.22,78.63,3.89,27.5
31.92,48.23,5.89,33.35
35.23,69.66,4.68,39.35
31.89,61.87,4.98,26.23
32.75,75.38,6.14,21.67
37.83,62.16,4.74,19.99
33.62,61.38,5.11,29.25
34.43,47.82,3.65,26.68
35.74,46.65,3.51,31.04
34.99,76.66,4.23,30.66
34.3,53.11,5.54,21.98
34.73,54.88,3.86,20.93
38.81,70.39,3.84,31.48
33.88,53.55,4.73,30.68
34.4,78.08,5.44,27.87
36.1,69.52,5.64,21.71
36.21,63.9,4.04,32.36
36.37,75.24,3.74,36.36
35.28,41.98,6.32,31.39
31.71,50.28,4.28,25.76
37.27,58.6,6.06,30.22
31.71,49.08,6.09,23.17
34.61,69.76,5.82,35.29
32.49,76.77,4.01,30.41
33.87,56.95,5.97,21.16
34.66,53.69,5.81,28.5
34.64,78.46,5.29,32.32
34.84,57.79,4.51,28.33
37.23,59.56,4.29,28.62
34.91,54.07,3.87,23.88
33.51,76.38,5.03,32.83
35.93,62.76,5.26,26.76
36.38,70.49,4.58,19.22
31.54,72.47,4.93,28.14
35.19,53.67,4.59,34.91
35.4,57.35,5.42,28.07
33.4,73.94,6.2,38.69
36.75,54.53,3.99,32.14
33.7,71.76,4.64,31.69
34.25,77.64,3.92,29.36
33.65,64.93,5.37,29.66
34.03,69.67,5.69,28.68
31.81,72.2,6.3,28.49
31.12,73.8,4.34,32.65
37.19,55.8,6.35,25.32
32.31,42.05,3.69,24.62
32.02,56.08,5.31,24.38
29.69,66.95,3.67,40.23
32.72,58.01,6.18,32.65
31.35,69.96,5.09,31.52
37.28,54.28,5.51,24.71
36.02,65.39,5.99,33.12
32.62,47.46,3.95,29.42
38.5,69.97,3.62,31.07
35.96,61.83,6.14,25.12
33.35,48.16,4.44,30.8
29.0,51.68,3.89,27.88
38.58,69.94,4.91,26.17
31.22,59.3,5.29,33.67
30.71,48.64,3.59,22.31
36.05,78.69,4.32,32.82
38.88,68.61,3.6,33.42
36.77,78.29,4.76,25.6
35.13,57.08,6.19,25.9
35.19,59.0,6.45,28.88
35.71,75.92,5.41,31.41
35.52,61.0,3.98,29.24
34.56,68.29,6.22,32.17
34.21,50.09,5.05,38.81
33.87,57.87,3.96,27.46
32.49,44.94,6.27,21.42
33.44,48.24,5.77,34.13
30.61,40.04,5.7,38.42
33.8,41.57,5.63,31.96
32.02,79.09,4.1,24.56
31.79,49.69,4.13,29.38
34.36,66.53,5.56,24.41
36.78,73.56,4.16,33.21
35.84,62.03,4.82,23.24
30.86,46.13,5.85,28.5
32.02,69.12,5.85,24.98
35.88,64.01,4.86,30.63
32.04,69.25,5.88,28.17
33.55,70.79,6.02,30.88
35.1,79.02,5.46,30.11
32.06,62.94,4.19,25.07
34.21,53.67,4.32,33.13
31.33,65.94,4.44,29.76
32.8,42.74,3.85,25.06
34.64,75.9,4.32,41.2
30.81,44.78,4.13,32.38
34.88,53.11,4.87,29.23
33.96,72.63,6.23,37.08
35.1,63.89,3.81,39.21
34.45,55.75,5.66,29.27
36.73,58.94,5.56,31.74
34.25,74.18,3.79,25.06
33.14,53.6,6.27,29.26
34.24,74.79,5.21,29.0
35.09,43.53,4.59,30.92
34.1,71.07,5.77,31.66
34.08,73.9,4.27,32.8
32.6,47.27,5.58,31.19
32.67,57.21,3.62,23.95
31.19,46.62,6.02,25.31
37.5,68.26,4.84,27.27
31.51,61.41,5.41,28.59
32.61,65.41,4.16,35.25
32.56,47.86,5.53,24.19
35.79,48.47,5.82,28.21
33.41,41.66,4.92,34.77
36.5,52.88,5.35,28.5
32.65,62.39,4.87,32.3
34.56,74.32,6.18,29.3
32.33,66.68,4.99,31.28
38.29,57.42,6.03,28.86
31.62,78.12,5.9,33.34
34.62,68.77,4.73,22.27
35.27,77.21,4.19,28.18
34.83,61.1,4.72,31.48
33.63,50.36,5.98,32.67
33.74,42.11,4.18,37.46
34.09,69.04,5.07,28.04
33.71,44.85,5.92,37.4
35.93,52.11,4.56,26.7
38.42,61.3,5.43,36.64
32.89,62.58,4.24,34.09
31.26,64.02,3.83,25.43
33.82,46.65,5.88,31.54
39.16,55.19,3.8,29.74
32.39,64.69,4.31,33.13
37.28,78.79,6.07,28.88
37.36,69.11,4.54,28.46
32.89,76.9,6.42,36.85
35.14,70.49,6.44,29.51
37.26,63.67,4.3,34.13
33.24,47.68,3.62,28.87
33.59,66.67,5.62,38.33
32.84,64.94,4.85,26.61
31.97,64.1,3.8,26.93
32.7,59.59,5.62,37.62
31.55,61.15,3.59,27.78
34.07,53.38,6.11,38.01
32.46,60.77,3.92,34.46
34.47,47.9,3.88,29.23
30.89,72.21,4.03,20.93
34.66,47.43,6.38,29.9
35.67,43.4,5.58,30.51
30.01,57.45,5.9,35.84
34.75,66.33,4.69,37.94
36.46,57.51,4.51,26.58
31.58,51.07,4.2,34.01
37.35,62.33,4.94,33.83
34.84,53.88,5.16,35.37
32.59,77.31,5.4,32.49
33.89,76.91,4.27,20.29
35.12,60.09,6.35,29.22
34.15,53.12,4.01,24.22
35.08,69.49,6.4,28.99
32.16,41.47,3.54,34.9
34.34,58.99,4.94,31.53
31.17,53.45,4.5,35.74
33.78,76.82,4.85,31.71
32.19,40.48,5.21,23.51
32.53,62.11,4.81,17.4
36.47,69.63,4.74,30.74
36.18,59.4,5.7,28.93
35.22,43.42,5.56,25.12
31.82,78.9,6.0,21.5
33.37,60.72,4.25,26.33
36.43,64.57,5.33,29.03
34.28,49.46,5.26,33.33
38.64,59.34,4.61,30.94
34.79,57.17,4.96,38.04
34.38,43.0,4.44,24.82
33.38,44.25,3.93,34.41
34.27,73.5,4.14,30.24
33.7,49.59,3.82,33.47
35.42,47.8,5.55,27.82
35.91,60.2,5.48,35.36
32.43,70.75,6.35,31.48
31.34,42.48,5.69,26.6
30.33,63.07,3.66,29.94
35.02,44.77,6.15,28.8
31.79,41.46,6.09,32.45
29.69,42.11,4.83,24.1
34.78,73.37,5.26,29.85
38.99,44.72,6.43,31.98
33.99,41.81,5.1,30.17
35.68,57.52,6.22,36.73
34.16,73.76,3.75,33.87
33.8,50.5,4.07,29.96
35.84,56.87,4.82,31.08
33.42,41.6,5.25,31.48
34.53,57.96,5.95,32.02
34.64,63.1,6.46,20.87
32.66,62.84,4.67,28.49
35.98,53.3,3.64,22.58
33.65,52.62,5.9,36.39
32.49,44.26,5.31,29.7
35.07,54.67,4.1,29.03
32.2,43.98,4.98,34.48
34.06,70.66,5.73,32.11
33.98,78.65,5.81,24.36
36.17,78.8,5.0,29.65
34.95,74.6,4.42,28.32
33.95,64.03,6.42,21.28
35.64,68.03,5.49,26.55
36.78,51.41,4.72,29.08
35.12,65.23,4.34,29.43
34.02,58.23,5.69,22.59
31.38,59.28,4.23,35.76
31.87,70.31,4.02,29.49
33.39,51.28,5.09,30.19
32.78,52.72,4.37,32.0
33.63,76.99,5.39,26.06
34.11,42.25,3.85,32.28
35.06,59.43,5.46,28.16
33.86,76.51,4.35,25.52
34.97,64.41,3.5,32.87
34.13,61.86,3.88,37.46
30.05,49.99,6.3,33.62
32.12,53.73,6.1,34.61
33.71,74.08,4.2,27.4
31.58,62.37,5.84,22.01
35.2,60.59,5.33,37.45
37.06,43.98,6.41,40.27
36.44,40.64,4.62,37.71
33.57,78.55,5.54,28.32
36.98,55.08,3.69,24.23
34.3,64.13,4.69,24.67
33.33,43.19,6.39,21.58
32.77,67.32,5.12,29.46
33.4,77.3,4.36,38.03
33.22,63.03,3.86,29.29
34.34,45.04,5.61,31.51
34.32,63.27,5.43,36.88
34.01,70.65,4.62,27.98
34.87,56.26,6.35,40.18
36.38,75.19,3.57,39.96
35.9,65.95,4.41,29.34
31.03,75.97,6.26,27.11
28.89,64.94,4.46,33.49
35.87,45.25,4.26,28.26
31.27,52.39,5.1,24.22
33.55,48.07,5.97,36.41
31.66,76.35,3.81,36.08
30.4,70.42,6.33,30.78
35.08,67.06,5.89,23.69
35.52,52.04,4.04,23.85
32.85,47.36,5.64,30.54
28.82,70.26,4.65,27.5
32.91,58.97,4.71,28.29
34.78,49.03,5.85,35.11
31.04,64.66,6.39,33.67
34.37,41.61,3.88,36.89
33.97,53.05,4.76,25.05
35.16,58.74,4.94,28.28
34.24,45.92,4.63,33.79
32.05,79.39,4.59,32.24
36.39,48.36,3.66,37.66
33.68,45.21,5.56,32.1
33.95,48.14,4.81,39.24
32.13,70.76,4.08,32.7
33.11,57.02,5.95,35.31
32.23,62.62,5.91,28.38
33.65,40.84,4.96,30.07
37.42,41.38,4.4,34.55
31.26,57.83,5.41,38.06
30.77,72.67,4.36,33.65
36.94,75.41,4.21,29.58
33.58,43.47,5.69,36.89
32.66,61.53,3.62,19.04
36.08,76.53,3.78,22.89
32.79,55.52,3.52,33.41
37.65,73.18,3.96,30.07
35.36,45.35,3.71,33.03
33.02,77.42,6.49,30.32
38.31,70.06,4.37,32.85
32.79,77.65,3.95,25.93
35.48,67.06,4.22,32.85
34.6,54.54,6.31,34.97
36.6,77.53,5.06,36.1
37.12,51.02,4.59,40.07
34.06,53.29,6.12,31.22
32.49,68.03,4.68,31.37
34.92,70.61,4.51,22.38
32.64,77.18,4.12,27.34
38.03,48.19,4.63,29.03
34.27,71.92,4.45,35.25
33.27,69.54,5.53,26.94
34.37,42.55,4.37,33.98
31.31,55.49,5.23,29.99
32.06,51.31,3.7,29.11
36.4,52.18,4.07,31.24
32.69,79.32,4.72,28.04
31.91,65.71,6.31,27.85
35.07,68.71,4.63,21.48
36.37,79.06,5.49,28.76
35.44,55.09,4.27,27.6
35.99,72.07,3.88,27.42
32.49,57.38,3.68,32.08
31.16,74.78,4.42,33.29
37.0,47.23,3.97,31.16
33.35,77.91,4.02,34.98
33.5,48.75,5.78,32.88
36.66,53.05,3.55,28.52
35.11,70.25,5.17,27.69
34.91,55.75,4.64,31.56
38.33,64.33,5.02,32.87
32.71,57.78,5.19,36.99
35.86,69.69,4.44,35.96
34.11,49.13,4.39,27.29
34.54,42.34,5.7,29.49
37.06,52.0,6.11,33.36
35.02,58.97,4.08,35.34
35.08,46.72,3.79,34.69
36.15,54.19,6.19,29.68
33.27,56.0,4.55,23.73
32.32,42.3,5.15,25.01
31.91,63.33,4.58,31.36
30.07,75.37,3.88,31.71
38.11,46.07,5.27,24.51
31.79,63.91,5.08,30.22
33.56,66.59,4.11,33.16
33.45,56.77,4.86,24.24
34.61,68.04,5.89,35.52
35.63,56.43,5.27,28.11
35.72,60.19,3.79,36.29
32.83,40.29,5.14,27.33
33.67,67.67,5.61,24.87
34.57,66.45,5.88,27.71
33.5,41.54,5.39,29.52
37.21,54.73,3.96,28.06
34.98,79.16,5.63,28.92
35.47,56.83,5.53,31.67
35.33,60.08,3.57,29.14
36.35,76.4,4.74,29.67
34.36,68.69,4.5,21.45
31.41,63.28,5.51,31.96
34.8,71.91,4.15,29.55
32.7,74.57,5.27,38.05
32.94,58.28,6.24,25.3
35.17,59.0,5.89,20.96
36.48,55.44,6.26,33.09
34.04,78.67,6.44,31.73
34.62,67.89,3.53,24.96
37.4,43.33,5.37,22.35
34.48,74.52,4.74,37.69
39.2,59.22,6.08,37.07
35.13,42.75,4.26,17.56
30.48,61.99,6.44,27.71
35.51,56.69,5.34,38.32
34.76,75.11,5.88,27.62
36.58,48.16,3.76,27.55
35.35,73.06,4.05,28.59
33.72,62.31,5.78,24.4
31.55,42.18,3.57,21.48
33.58,78.87,5.95,35.26
32.3,60.5,3.54,20.79
32.84,51.64,5.47,31.24
35.18,58.78,4.6,34.43
37.34,74.31,5.33,22.74
34.79,52.2,5.59,25.38
31.61,47.71,4.53,36.07
34.89,45.16,3.82,32.66
36.39,51.91,3.71,26.91
32.78,71.2,5.27,36.01
33.73,58.87,5.06,36.03
34.03,49.1,5.73,31.35
32.43,46.65,5.03,25.5
35.3,53.31,4.77,27.93
33.76,77.6,4.69,31.43
34.84,53.72,3.58,29.06
32.23,79.52,4.51,34.69
33.13,59.41,6.43,22.35
35.44,47.17,6.12,22.53
33.25,75.65,4.49,30.9
37.45,58.41,5.26,27.54
33.2,68.39,6.04,26.86
34.45,79.35,4.82,21.16
35.87,42.01,3.55,30.1
31.16,43.87,3.72,29.74
30.48,68.82,5.03,33.27
30.95,51.27,6.41,30.34
36.53,47.37,5.58,29.34
32.9,41.57,3.71,35.89
39.12,40.87,4.07,23.44
32.87,70.98,5.81,32.68
34.37,45.38,6.02,21.64
37.08,58.71,5.35,25.81
38.01,64.24,5.43,23.94
38.12,57.13,3.59,33.91
36.42,41.08,5.99,29.67
36.05,71.34,5.86,29.93
35.19,40.42,4.28,24.47
35.56,70.48,5.63,28.5
32.9,75.73,4.14,26.18
32.36,57.31,3.62,31.92
33.99,61.42,4.1,25.04
33.66,59.08,4.04,36.65
33.09,55.57,4.51,21.62
35.39,75.5,4.76,25.97
35.91,75.76,5.03,38.39
34.18,53.43,4.93,27.82
36.96,64.6,4.31,23.43
31.72,77.08,3.59,31.1
33.61,78.48,5.32,27.62
32.57,60.36,4.69,25.82
30.27,58.11,4.4,24.52
33.83,51.15,6.1,43.84
33.76,78.35,5.74,28.74
37.03,45.71,6.07,20.37
35.26,63.19,4.98,37.47
31.95,51.3,3.89,33.06
37.71,51.16,5.59,26.17
36.44,56.2,4.12,25.33
35.16,79.95,4.82,33.37
33.55,42.2,3.7,28.77
32.08,63.14,5.98,20.37
33.26,43.3,3.88,38.94
36.18,46.18,6.21,27.83
37.77,57.58,6.09,37.48
37.09,60.42,4.89,36.39
33.02,50.35,5.73,24.99
31.76,52.66,5.36,35.17
34.28,43.48,5.91,26.74
30.46,52.13,4.8,20.67
34.65,78.66,5.86,27.88
33.7,77.79,4.89,31.99
33.07,53.4,6.32,27.69
30.81,62.83,4.96,28.46
35.03,76.38,4.89,35.72
32.93,40.25,5.86,30.53
31.66,72.43,5.96,25.78
28.26,77.93,5.16,33.51
33.94,43.65,4.04,30.99
37.54,46.46,4.9,17.39
37.32,78.43,6.4,32.14
33.09,61.5,5.76,31.96
32.8,40.57,5.93,30.1
34.94,50.31,3.6,34.46
32.0,58.0,4.9,26.64
34.6,67.72,5.44,31.68
35.53,69.33,5.99,22.17
36.45,79.82,3.65,32.04
33.8,51.5,6.06,39.77
33.59,61.53,5.15,25.03
32.24,61.33,4.09,26.2
32.35,56.23,4.45,26.45
33.55,46.77,4.35,30.65
34.73,79.1,5.09,24.68
35.83,74.13,3.66,32.11
32.39,59.93,3.98,34.23
36.99,64.13,5.94,32.67
33.46,49.09,3.9,21.16
33.96,61.75,4.2,34.98
32.51,67.8,4.86,34.69
29.15,60.61,5.05,34.15
35.77,79.61,5.79,31.86
35.47,64.45,4.84,31.1
33.44,54.84,5.87,35.16
34.13,70.89,5.36,39.62
35.03,46.82,3.84,25.23
30.87,55.38,3.97,35.39
32.94,53.88,4.81,29.57
35.59,57.27,4.69,29.35
31.49,71.27,5.73,22.32
34.59,59.37,5.24,28.58
31.29,71.76,4.66,25.01
34.93,63.06,4.01,27.68
33.93,53.68,4.18,24.51
30.77,72.4,5.23,27.76
36.33,49.53,4.77,27.97
32.53,48.98,5.04,30.48
32.38,60.18,4.01,21.93
34.4,50.43,5.49,22.77
36.3,40.36,6.06,31.81
31.97,65.93,4.27,26.01
34.12,60.44,4.97,35.37
34.86,57.82,6.43,31.13
35.39,78.68,4.5,33.03
34.35,62.85,5.29,37.05
33.27,74.54,3.77,28.45
32.34,45.58,5.32,27.13
34.17,62.77,3.77,34.36
31.86,74.72,6.38,32.55
28.16,63.32,5.65,29.06
34.87,68.72,5.86,36.96
35.81,54.88,5.61,28.94
29.27,43.7,5.27,30.16
31.98,58.32,4.85,30.11
35.24,55.78,6.08,25.33
38.11,74.68,6.37,30.39
34.04,49.76,5.0,36.98
32.54,78.67,6.29,32.22
33.63,78.33,5.25,30.16
36.75,49.91,5.12,29.19
32.71,53.92,4.86,31.65
32.4,75.82,4.13,33.75
33.03,78.66,3.51,33.05
32.09,57.74,4.22,28.34
34.25,52.84,5.03,31.62
37.25,61.04,4.64,32.4
34.65,67.51,4.85,24.96
33.5,50.94,6.44,30.84
33.42,69.46,4.55,19.19
30.87,42.07,4.86,32.41
35.77,41.97,3.9,33.3
33.84,55.45,3.64,33.74
33.64,54.14,5.83,28.02
40.39,52.63,5.21,31.55
34.6,59.64,5.78,37.12
32.5,52.83,3.95,37.07
33.15,47.69,5.22,29.85
36.3,52.38,4.26,30.7
34.23,79.0,4.18,35.55
31.12,56.44,3.53,22.5
35.84,57.79,3.89,28.38
32.66,63.06,4.43,36.68
37.75,79.33,3.85,34.88
36.16,49.66,6.46,31.85
33.11,67.25,4.43,22.47
36.56,68.64,3.89,29.75
34.14,64.29,4.1,27.05
35.71,43.54,5.26,31.66
34.97,67.07,3.69,25.95
32.31,42.56,6.09,24.87
32.71,63.85,6.38,19.68
36.06,69.58,4.24,36.11
33.33,48.44,4.85,28.0
33.19,73.66,3.57,30.79
32.09,41.21,5.42,29.99
34.85,73.75,4.74,24.66
38.13,58.41,4.31,23.7
31.86,48.7,4.12,24.97
34.05,45.35,5.46,26.38
36.82,78.13,4.75,31.83
33.84,42.91,4.04,26.02
34.9,47.96,5.57,38.73
31.88,53.91,5.2,35.14
34.86,64.81,6.08,34.04
33.63,61.79,3.85,29.4
35.97,45.03,5.86,37.57
36.37,51.59,5.52,28.91
39.18,49.55,3.85,29.84
35.16,48.54,5.58,30.85
34.65,56.45,4.82,33.51
34.39,68.16,6.33,33.18
33.29,48.7,3.92,27.62
34.68,54.67,5.43,27.34
33.41,55.64,4.65,33.2
34.34,79.06,6.37,33.58
36.64,78.19,4.49,28.03
31.99,72.01,6.39,22.06
36.28,49.67,6.2,28.96
36.63,42.72,4.31,33.12
33.76,52.68,5.91,39.03
29.76,50.67,6.49,24.01
32.78,60.24,4.26,27.87
36.59,71.11,4.81,28.05
33.95,74.33,5.06,36.78
32.0,73.79,4.38,29.83
32.99,54.39,3.55,25.46
35.68,67.49,4.16,32.79
35.09,52.51,4.35,27.98
33.52,42.44,4.83,23.88
33.27,68.06,4.01,25.54
33.22,40.39,6.12,38.67
32.16,56.37,5.61,31.92
37.23,53.18,3.76,30.54
33.36,67.74,5.45,28.75
36.43,70.65,5.46,31.46
37.04,52.16,6.37,31.4
36.0,72.47,3.51,31.46
33.14,51.76,4.24,30.57
34.81,57.85,6.28,34.34
33.95,69.08,6.3,30.12
32.19,67.72,5.66,25.11
34.65,79.49,5.8,26.94
31.64,49.01,3.77,20.1
36.38,66.49,5.04,40.13
33.07,64.39,4.19,34.31
34.4,76.6,4.04,25.85
34.57,46.25,5.93,28.59
33.48,70.07,3.91,26.82
35.17,62.73,4.91,37.71
33.05,50.99,6.32,22.9
35.74,58.98,4.06,30.57
31.31,53.35,6.43,29.46
34.25,63.17,6.48,34.13
37.88,75.56,5.17,29.48
32.0,62.77,4.01,21.21
32.64,65.27,4.45,28.74
35.03,60.75,4.77,25.14
34.36,42.05,4.43,30.4
34.7,49.31,4.34,37.17
34.98,59.68,6.42,21.3
35.27,52.41,3.96,26.0
36.22,47.27,5.7,27.24
34.82,60.17,3.5,28.09
33.52,52.91,5.29,33.7
35.35,50.32,6.25,29.13
37.8,58.56,4.36,32.08
33.73,45.33,4.06,26.87
32.05,77.11,5.46,31.15
36.21,74.71,5.64,33.89
33.76,68.3,5.56,26.34
29.65,44.25,4.46,33.91
35.69,71.04,4.26,30.26
32.93,72.32,6.37,35.23
33.82,70.71,6.27,28.99
34.66,44.56,4.87,31.91
34.38,65.76,6.04,29.8
35.42,73.37,4.86,29.52
33.13,63.09,4.77,31.29
35.03,65.86,3.97,32.68
33.48,58.33,4.78,23.75
35.48,61.15,5.11,37.17
35.23,41.38,3.57,20.7
32.13,65.56,4.83,26.58
36.17,43.26,5.84,29.53
32.93,57.4,5.54,32.06
35.62,51.71,5.41,37.88
34.73,61.82,6.23,20.71
37.68,45.34,3.55,27.46
33.55,67.67,5.17,19.37
33.3,71.8,5.86,30.16
33.96,46.53,5.12,31.36
33.39,44.17,4.47,37.95
35.6,45.82,3.91,30.6
30.77,75.09,6.16,35.22
31.89,61.13,4.91,32.92
31.86,58.69,6.13,27.82
35.9,44.27,5.26,22.96
37.42,65.98,5.52,31.38
33.79,74.72,5.91,22.54
33.66,73.13,5.48,36.48
34.14,65.04,4.69,29.19
36.32,43.01,5.04,35.98
32.15,44.5,5.91,27.6
34.48,41.97,4.62,31.34
35.95,50.3,4.66,31.05
35.0,45.43,3.79,29.77
34.38,50.4,6.24,27.84
36.0,55.4,3.77,31.96
28.59,77.72,5.44,25.37
35.36,64.42,4.74,23.95
32.69,73.4,4.72,36.21
30.34,68.41,5.54,33.64
35.02,44.5,3.7,30.33
36.75,69.44,5.28,38.33
33.73,51.0,5.82,28.66
35.91,65.56,5.98,36.61
37.22,53.64,4.01,30.88
36.63,79.91,6.19,24.88
37.28,50.54,5.47,39.24
35.48,51.17,6.15,34.95
34.15,77.23,4.96,29.39
30.8,40.99,5.13,33.64
33.51,67.87,6.26,27.98
32.31,69.01,6.2,34.15
38.34,73.46,4.84,18.04
33.65,78.98,4.32,24.9
34.25,79.02,4.68,34.9
35.1,42.61,4.66,28.75
34.09,72.87,4.36,31.04
37.39,65.85,4.31,23.27
32.75,65.89,6.08,39.24
34.39,45.13,3.71,35.95
32.52,66.01,5.53,29.0
31.36,79.3,4.02,27.98
32.78,76.47,4.53,35.15
33.93,57.57,3.68,39.91
33.14,41.6,4.31,34.77
32.62,54.49,5.81,40.86
31.19,73.06,6.16,25.39
33.83,68.06,4.16,25.9
30.99,58.37,4.89,24.06
35.52,42.2,4.91,32.21
34.16,57.08,6.12,30.88
31.08,58.76,5.79,29.24
33.38,77.14,5.04,34.05
32.5,65.64,5.51,36.16
34.64,52.47,6.04,22.37
36.68,61.01,3.53,27.02
30.25,42.64,4.71,34.1
34.23,78.9,6.22,27.66
33.68,54.4,5.72,26.01
35.34,59.11,5.13,35.09
34.43,54.21,5.09,23.55
32.5,67.3,4.54,28.49
33.36,66.49,5.06,31.64
32.41,68.61,5.47,27.13
36.15,50.73,4.76,33.92
34.04,52.63,5.64,27.16
37.8,45.01,6.08,37.04
33.88,66.22,3.96,29.37
32.58,41.59,4.85,33.36
30.97,63.91,4.72,33.73
30.39,74.79,5.56,26.86
30.83,75.63,4.25,19.73
34.53,57.96,5.42,31.8
35.02,58.37,6.13,30.36
30.84,43.08,4.75,32.78
35.79,66.83,6.23,28.87
33.03,72.85,6.48,27.85
34.29,49.79,3.82,40.04
37.22,56.85,4.2,22.64
35.79,73.55,6.35,33.67
33.46,75.08,6.37,27.13
32.22,49.73,3.79,28.32
29.7,62.02,3.54,28.41
32.56,47.7,3.98,25.98
33.58,44.08,6.49,32.86
32.03,76.44,4.04,36.95
33.74,72.82,5.01,32.35
34.15,70.4,6.05,30.52
33.55,41.95,3.56,25.07
32.7,73.75,5.31,32.58
34.34,57.52,4.33,40.78
34.88,53.7,6.09,28.1
31.82,61.86,4.35,28.12
36.82,43.65,5.56,27.19
33.8,70.27,5.52,27.55
34.04,63.3,4.16,16.27
35.42,47.46,3.6,32.03
34.47,47.53,4.73,25.77
35.91,47.37,4.37,21.95
34.57,42.28,5.93,33.77
32.78,63.51,5.9,24.59
34.72,73.61,4.87,28.31
31.71,40.7,5.32,37.33
34.22,41.96,5.31,22.95
33.93,62.91,5.98,22.34
33.58,72.78,4.78,31.35
33.74,53.07,4.33,35.75
30.24,53.98,4.3,22.13
32.9,63.85,5.11,32.04
34.19,50.97,4.85,32.9
34.32,41.06,4.82,19.7
31.94,69.41,3.77,33.99
36.53,65.03,5.66,34.38
32.27,63.23,4.14,28.44
35.94,69.67,4.09,36.26
34.85,67.01,4.74,35.68
32.71,48.24,4.18,30.52
37.55,54.1,5.25,27.74
31.61,45.04,4.61,25.14
35.84,45.19,4.85,29.81
36.0,67.05,5.11,32.85
32.66,74.34,4.11,28.38
36.78,78.51,3.97,19.01
33.5,65.13,6.14,36.34
34.58,47.36,4.8,30.95
34.52,44.23,4.74,28.1
33.73,72.51,3.61,34.29
35.62,63.15,4.99,37.62
35.59,64.73,5.16,15.99
30.5,71.26,5.18,32.17
36.61,68.13,5.62,22.87
30.68,73.38,4.03,32.5
36.07,42.25,4.26,30.64
36.25,69.9,5.93,33.18
31.82,74.03,6.34,27.5
33.18,51.45,3.91,20.63
31.79,65.62,4.99,27.75
33.57,52.57,4.14,32.03
33.38,78.32,3.68,35.08
35.56,41.34,4.48,24.14
36.62,63.19,3.93,35.14
36.79,46.66,5.63,26.76
32.88,68.49,5.1,31.81
33.58,47.04,3.93,27.45
30.63,49.42,3.53,30.91
32.39,59.77,5.92,34.46
35.93,76.59,4.03,23.86
37.23,48.47,5.32,26.6
31.53,45.77,4.51,30.92
32.82,70.36,5.26,42.01
33.95,60.02,4.45,25.68
34.56,76.47,3.76,40.2
32.38,45.86,4.17,40.02
34.85,65.84,4.06,29.51
33.05,49.32,4.78,28.51
33.97,46.27,5.47,26.54
35.09,67.34,4.29,29.66
34.01,63.75,3.54,22.97
33.13,70.19,5.06,29.62
33.78,52.38,5.32,37.48
33.82,57.92,6.39,26.94
33.26,56.22,5.27,28.8
33.48,79.36,4.91,21.49
37.2,51.69,5.22,31.87
35.12,51.79,6.28,31.32
33.41,54.18,5.99,30.32
35.39,62.58,4.47,28.92
33.33,50.09,4.21,28.54
36.35,76.61,4.29,32.51
34.74,50.63,5.01,29.86
33.79,75.83,5.73,31.57
34.9,44.14,5.01,31.07
30.86,66.26,3.7,35.62
31.75,76.28,5.67,33.38
31.61,46.75,5.92,30.96
34.29,78.73,4.37,37.59
37.47,58.12,5.49,32.1
38.46,77.83,4.78,36.52
35.28,67.07,6.17,33.03
35.0,52.06,6.04,20.79
30.4,47.53,5.08,36.52
32.91,52.15,5.57,30.68
32.42,43.72,6.15,29.74
32.76,45.75,4.99,31.41
33.66,44.19,4.44,28.28
33.06,56.92,5.76,31.14
30.04,71.82,4.16,27.04
35.5,45.66,4.67,36.37
31.85,45.21,6.1,29.43
34.48,65.74,5.67,28.09
38.15,47.89,4.71,25.38
32.16,43.9,4.14,31.34
28.94,46.67,4.57,30.94
33.43,76.95,4.35,31.94
36.2,72.86,4.03,24.86
37.92,54.16,5.73,21.99
31.54,66.23,4.26,33.13
34.99,61.49,4.86,37.42
33.07,67.08,4.66,24.87
33.79,67.31,6.45,37.95
39.29,65.15,4.67,31.42
30.99,50.64,3.74,29.96
34.51,41.56,3.77,28.01
34.94,58.22,5.27,23.08
36.17,75.64,5.3,34.94
34.2,62.78,4.76,26.12
34.62,73.3,4.8,26.1
33.22,79.66,3.66,34.96
34.54,46.54,5.05,20.59
33.31,67.67,5.01,22.38
35.24,66.97,3.95,29.91
33.26,79.2,3.81,31.47
34.75,79.42,3.87,32.42
33.94,67.47,3.8,28.49
36.25,49.74,5.33,42.65
33.9,71.94,4.09,28.86
30.45,44.28,4.25,28.85
36.52,71.23,4.02,26.02
32.19,76.41,6.37,30.62
32.69,55.31,6.06,33.07
32.81,65.23,4.19,36.02
36.75,57.21,4.48,22.55
29.73,57.51,4.13,28.77
40.28,52.41,4.98,32.23
36.11,70.49,3.56,32.94
34.45,77.45,5.51,30.03
33.89,77.63,5.07,32.71
34.57,46.99,6.2,25.96
35.04,74.99,3.99,37.79
35.29,69.5,5.91,34.96
35.11,50.11,5.88,23.28
34.18,42.69,3.88,24.62
33.61,50.72,4.7,24.77
33.7,76.49,4.01,33.39
33.61,65.33,4.26,23.58
36.27,68.84,4.29,28.34
35.19,50.29,5.17,32.27
28.12,68.78,4.73,29.67
35.31,41.12,6.34,31.29
34.39,55.01,3.88,24.67
33.96,65.07,6.42,32.97
33.22,45.84,4.19,26.93
36.25,72.92,5.82,28.38
35.9,49.4,4.52,31.19
32.45,66.09,3.93,30.52
34.81,56.21,6.07,30.12
32.06,63.84,4.43,26.25
31.24,44.3,5.48,28.5
32.75,40.68,5.2,30.01
35.72,76.38,4.92,23.12
35.91,50.79,4.99,27.69
35.03,72.79,5.7,31.94
35.45,79.97,3.76,23.61
35.03,48.46,5.5,35.78
32.72,50.61,6.19,36.35
34.86,66.51,3.67,23.77
35.6,78.62,3.92,36.79
35.51,76.63,5.65,29.28
36.38,60.12,4.81,32.09
35.42,71.8,4.71,27.52
34.7,45.43,3.91,34.62
36.14,79.1,5.02,32.03
33.95,78.57,3.88,25.93
32.24,46.55,4.93,24.17
33.67,51.98,5.79,22.7
32.51,44.01,4.27,30.94
32.65,50.87,4.94,32.86
33.71,72.64,6.48,33.25
32.42,55.13,5.56,29.41
33.38,43.54,6.02,24.22
30.21,53.69,4.74,26.59
34.43,79.26,5.8,35.76
34.0,65.19,3.62,27.58
32.37,56.65,3.87,30.72
35.32,46.66,4.11,24.62
35.88,79.45,4.71,31.68
30.78,72.83,6.04,27.71
32.47,51.26,4.54,35.23
32.46,42.8,5.46,33.87
32.12,42.27,5.63,27.52
35.66,44.82,5.26,29.37
33.61,63.23,4.57,27.24
33.47,77.15,5.23,22.9
29.99,59.87,4.53,25.71
35.27,73.72,3.75,30.99
31.52,57.84,6.48,31.63
34.12,68.34,3.88,30.74
34.55,69.27,3.72,28.49
36.72,46.96,6.14,34.67
31.38,54.45,4.41,30.32
27.96,65.49,5.45,33.52
34.37,42.83,4.49,21.13
37.6,54.46,4.67,10.39
36.48,61.39,4.29,31.42
34.42,79.85,4.53,22.88
33.02,58.98,4.73,28.94
35.61,72.64,5.66,28.49
32.05,57.28,5.03,37.94
34.95,71.86,6.33,32.0
35.01,63.82,3.63,30.83
36.12,75.46,5.01,34.18
39.52,56.44,5.25,31.84
34.78,64.17,6.26,27.71
32.98,65.2,3.65,35.36
33.95,56.7,5.22,24.45
30.46,45.77,6.06,31.62
32.61,43.74,4.23,22.26
33.18,40.67,6.13,31.02
32.95,74.94,3.56,30.96
34.3,49.46,5.7,38.38
32.36,48.46,6.3,22.18
36.24,69.44,5.47,27.0
34.0,52.8,4.82,34.11
33.98,60.24,3.63,31.68
33.34,46.5,6.26,30.9
34.31,78.39,4.91,25.22
35.65,74.06,3.59,27.05
32.27,74.55,5.57,36.23
32.68,56.27,4.95,29.74
33.39,70.49,3.87,31.88
31.31,45.76,4.14,29.42
32.36,40.34,3.69,24.08
33.05,40.8,5.22,34.67
35.75,63.46,5.37,32.52
34.53,58.22,5.02,41.53
34.39,60.72,5.95,24.92
35.7,40.3,6.08,34.11
33.73,56.91,5.35,23.44
34.78,68.72,3.54,30.79
33.79,57.71,5.59,34.88
34.53,69.29,4.75,19.64
32.83,49.32,5.2,28.98
29.12,72.53,5.45,27.18
33.73,63.54,4.55,26.49
36.85,48.43,6.25,31.93
35.85,49.47,3.9,35.6
35.93,65.12,5.51,29.33
36.47,73.2,3.51,31.03
34.18,56.63,6.27,30.57
34.39,50.33,3.84,30.01
32.76,74.68,3.78,24.55
33.37,66.77,4.5,35.54
35.23,57.92,4.62,31.48
36.41,59.52,4.14,31.97
33.72,48.17,5.26,25.97
33.1,65.07,4.83,27.7
34.0,54.35,3.6,29.12
35.2,79.83,4.46,22.33
31.11,59.21,5.93,21.56
29.41,59.44,5.57,27.0
32.9,62.63,5.67,32.61
31.56,76.67,5.59,26.73
32.98,72.03,4.43,24.91
33.7,58.05,3.8,25.93
33.09,68.75,4.32,27.72
36.9,63.45,6.0,28.23
34.65,59.69,6.44,40.83
34.6,47.69,4.98,35.27
35.24,58.56,3.53,35.12
31.72,49.83,3.92,35.84
36.08,76.59,4.47,25.01
33.85,53.42,5.24,23.89
35.34,78.09,3.73,24.47
31.86,61.32,6.33,36.67
30.89,65.26,4.6,27.26
35.64,61.72,6.24,23.74
34.75,45.18,5.84,27.85
32.2,55.03,5.77,28.81
32.26,43.97,5.32,31.34
36.25,64.92,5.38,31.25
31.62,57.87,5.41,25.86
37.29,71.12,5.39,33.43
32.2,48.82,5.16,26.8
35.28,46.58,6.46,29.22
33.34,56.25,5.7,33.43
35.21,77.06,5.83,26.79
32.91,68.42,6.12,27.15
33.67,56.76,4.15,32.96
34.08,60.69,3.75,25.71
32.0,43.37,4.95,28.08
35.48,79.38,5.04,32.78
32.97,66.66,5.99,40.27
33.54,51.42,4.83,33.03
32.01,63.43,5.21,32.36
28.88,44.38,5.08,32.65
33.62,78.63,3.61,24.63
38.83,46.99,5.35,30.58
35.57,65.92,5.98,29.85
33.96,49.82,3.97,31.61
33.47,68.7,5.28,30.58
34.04,71.07,5.28,31.9
35.09,66.94,3.99,28.44
31.64,64.58,3.87,30.29
36.23,75.7,6.44,23.86
35.43,43.15,4.68,28.4
35.44,53.24,4.18,36.95
34.88,49.93,4.01,31.59
34.04,79.52,5.5,29.9
35.35,55.58,5.33,39.48
35.18,69.3,5.43,23.2
33.29,67.39,3.76,24.45
32.85,48.48,6.18,38.56
34.2,49.56,4.67,30.23
37.1,51.25,4.44,28.79
31.52,56.45,4.89,24.0
31.06,49.37,4.67,32.24
34.33,40.79,6.09,32.72
34.1,75.18,6.29,24.53
34.35,78.62,4.41,29.3
34.49,53.66,6.09,28.32
33.55,53.54,5.84,31.28
36.98,40.28,6.29,24.4
30.8,67.21,4.24,36.26
32.34,73.02,5.23,34.58
33.79,45.86,4.32,28.18
30.71,46.39,5.97,28.92
33.65,71.6,3.52,29.32
37.32,64.65,5.19,26.11
34.04,41.79,4.52,27.78
34.46,64.9,4.47,28.65
31.48,52.36,5.43,38.06
32.77,54.75,6.05,34.73
33.25,70.79,5.33,34.67
33.36,72.44,6.06,31.85
36.56,56.01,4.29,24.41
35.12,77.89,5.06,29.79
31.78,56.26,4.85,34.85
34.49,70.87,3.53,23.71
35.0,59.36,5.17,33.18
36.28,75.9,5.48,41.61
37.16,76.31,5.28,35.31
31.97,43.5,5.71,37.07
32.38,77.46,5.21,31.09
31.48,73.02,3.7,34.84
33.53,71.65,3.85,26.41
34.93,48.04,5.29,33.98
35.97,72.2,4.32,33.27
33.85,74.01,3.74,31.45
33.36,51.57,4.79,36.58
34.3,78.09,5.16,27.31
32.33,41.99,4.49,29.06
38.18,46.0,5.66,30.48
30.78,61.5,5.43,24.85
34.37,63.03,4.5,31.13
38.05,65.81,5.76,21.41
34.01,40.68,5.45,35.23
33.62,78.41,5.41,30.23
33.29,41.78,5.16,27.4
33.64,45.72,3.53,25.83
36.75,40.56,5.59,28.83
29.58,62.67,4.63,33.44
37.07,77.29,6.33,32.74
31.15,66.64,5.95,26.47
33.47,72.91,5.26,25.77
33.14,40.53,4.26,33.28
35.18,61.68,4.11,26.39
30.8,58.38,4.52,30.3
34.92,59.96,4.93,30.62
38.05,42.89,4.39,31.56
31.27,67.38,5.04,34.29
34.38,60.13,4.0,23.69
32.68,70.61,6.43,20.44
34.85,59.41,3.82,27.16
34.04,45.98,6.3,39.01
32.72,65.93,6.24,40.11
34.98,46.9,5.08,39.16
37.61,74.9,5.67,29.04
33.62,64.52,4.81,21.09
35.44,46.29,5.39,18.28
31.41,78.49,4.52,26.93
32.09,60.73,4.4,29.01
34.94,42.92,5.23,36.5
36.97,65.07,4.99,34.34
34.71,50.13,5.24,31.14
33.37,72.15,4.36,25.55
34.0,72.71,4.6,25.2
31.5,79.16,3.75,31.27
35.21,60.07,3.66,33.49
35.76,58.2,4.26,31.96
33.1,70.14,3.72,24.83
33.06,45.3,3.81,33.25
34.53,61.88,5.94,32.13
33.13,61.85,3.62,24.65
33.87,43.58,5.48,26.08
38.2,56.72,4.32,33.44
33.51,74.13,6.11,28.83
33.28,74.25,4.95,37.95
32.7,43.97,4.42,32.51
35.49,43.63,5.05,27.57
33.64,50.51,4.65,29.95
32.7,74.99,5.19,30.32
36.64,45.16,3.84,26.36
36.84,68.8,6.49,25.44
32.8,44.05,4.78,33.51
30.27,64.93,4.54,34.23
36.02,54.24,5.63,33.02
32.63,71.56,4.59,37.58
35.58,49.35,6.0,27.29
30.06,65.57,4.86,38.37
35.79,49.43,5.66,25.5
31.58,68.55,3.82,24.94
35.46,74.95,6.04,21.2
34.03,45.07,5.71,27.77
32.09,74.66,4.14,27.48
33.19,63.74,3.94,32.63
35.37,45.08,4.45,31.22
34.21,57.1,6.43,24.04
35.17,46.43,4.27,28.04
37.95,68.01,4.87,28.14
30.87,70.35,3.59,21.12
37.23,44.23,4.69,25.1
34.21,60.25,5.21,26.15
32.2,72.59,6.36,37.17
31.34,77.45,5.05,30.96
33.62,60.54,5.96,33.31
35.84,78.01,5.14,22.51
33.74,61.43,3.62,35.97
37.02,55.77,4.45,36.51
31.1,73.93,5.23,20.01
33.98,59.72,6.35,26.47
31.5,58.88,6.08,32.48
34.73,59.61,4.19,33.22
35.77,73.87,4.16,26.61
33.16,73.28,4.1,28.47
28.79,56.14,6.27,27.01
34.4,53.33,6.06,30.55
34.87,59.68,5.82,35.99
34.81,62.91,4.68,26.14
36.47,49.53,5.01,35.0
31.86,71.76,4.89,26.09
35.36,59.46,4.26,25.76
36.39,53.36,5.02,34.09
30.44,44.27,3.59,34.61
34.64,49.55,3.9,34.26
32.99,77.97,6.16,23.42
33.84,52.2,5.76,27.67
34.7,46.75,4.77,34.11
33.03,58.43,5.05,30.21
32.65,52.28,4.61,24.63
34.07,41.41,5.72,32.29
31.83,52.93,5.85,26.43
31.83,61.76,5.79,38.97
35.36,62.07,5.67,37.72
31.7,54.26,4.11,33.02
35.33,57.89,4.51,36.81
34.93,78.62,4.91,30.32
30.55,55.09,4.49,33.83
32.64,50.33,5.76,37.39
36.39,49.74,4.49,31.23
32.04,58.31,3.91,28.72
33.07,70.38,4.7,21.48
34.92,48.24,6.44,29.58
35.57,68.37,4.18,34.12
33.5,40.85,5.34,34.73
32.8,56.76,4.8,32.52
36.84,71.03,3.71,27.29
37.48,53.55,4.96,20.12
35.96,62.55,5.61,27.52
34.17,48.2,5.04,28.48
32.38,69.68,6.12,28.44
32.34,42.09,4.37,33.09
35.05,74.1,3.76,39.93
34.84,47.93,6.31,30.62
36.8,74.98,4.63,28.92
35.3,54.1,5.23,28.7
30.99,68.91,5.88,30.62
36.1,52.77,4.47,25.86
32.0,76.24,5.65,30.6
33.23,45.07,3.91,32.25
34.5,47.14,4.37,31.05
37.99,59.72,3.93,32.29
40.22,43.28,5.93,32.17
35.21,47.84,4.17,21.14
33.63,77.75,5.65,33.18
35.07,79.06,6.33,26.64
35.78,55.05,5.08,24.52
33.36,76.93,5.12,24.48
37.59,61.79,4.88,32.17
34.46,50.79,4.48,28.89
35.0,68.1,4.93,21.59
35.33,66.36,5.31,32.39
34.84,79.57,6.46,22.8
35.68,50.6,6.31,30.7
32.77,66.88,6.09,31.19
32.88,42.08,6.17,34.43
31.8,44.55,4.9,38.91
34.88,40.16,5.47,23.18
35.56,79.98,6.19,29.74
34.92,72.09,4.68,28.62
37.35,71.47,6.39,32.17
33.99,60.39,4.75,31.08
35.34,52.0,5.3,28.24
31.82,46.05,5.63,27.8
33.23,51.39,6.35,24.42
35.39,55.04,4.23,34.94
35.7,70.25,5.74,32.3
33.41,61.59,5.06,34.59
33.86,43.1,4.31,28.45
30.96,40.72,5.83,26.72
33.29,44.09,5.16,24.61
35.78,56.42,5.48,31.79
35.15,77.33,4.47,24.8
35.0,65.5,4.94,39.24
34.1,72.07,5.35,23.46
34.01,58.65,4.71,31.37
32.68,54.47,4.1,37.83
35.4,44.34,6.38,33.0
34.84,75.04,5.03,30.88
34.98,71.33,5.7,25.16
32.95,46.72,4.73,23.09
29.69,60.49,4.57,33.85
36.19,59.49,4.72,37.53
33.04,65.0,4.73,27.81
32.27,77.85,5.13,24.3
35.39,63.19,5.13,17.71
33.22,61.61,4.99,25.1
36.12,42.01,3.9,29.43
35.23,42.52,4.99,38.0
35.37,47.49,4.01,33.37
31.27,41.3,3.88,31.53
36.42,69.73,6.3,28.0
34.52,68.93,5.31,27.08
33.26,45.44,5.48,37.03
34.29,73.44,4.71,31.0
30.45,46.19,6.23,19.49
34.82,52.05,5.41,26.63
31.94,49.96,5.81,25.71
31.29,54.89,4.61,27.27
30.96,50.19,6.38,32.81
36.23,59.56,5.96,29.46
32.74,56.3,6.06,29.62
37.07,79.46,4.02,36.57
32.93,42.24,4.31,26.52
30.59,45.69,4.36,39.32
31.77,42.11,4.31,26.64
36.47,65.03,6.07,30.45
33.69,42.18,3.6,28.59
32.9,73.46,3.73,30.62
34.32,60.48,4.32,32.22
35.0,61.08,4.1,32.17
36.23,62.46,4.2,26.23
36.9,46.83,5.89,24.39
33.28,47.91,5.19,42.52
31.35,52.75,3.52,27.58
33.17,63.74,4.79,33.5
34.52,48.4,4.72,21.96
32.07,44.65,3.84,28.6
32.09,78.8,5.53,29.36
34.69,40.88,5.61,32.36
33.9,72.11,5.66,16.39
34.07,71.52,5.69,30.83
32.48,51.89,3.5,24.25
33.54,45.43,6.36,31.62
32.15,45.83,5.94,24.82
35.78,67.9,6.21,25.72
36.07,65.71,3.55,28.63
30.31,71.31,6.3,24.74
32.14,77.5,5.93,27.62
31.01,67.68,6.01,24.03
32.7,46.23,3.78,20.83
33.83,49.74,5.72,35.09
31.1,73.69,6.38,23.52
32.16,48.37,5.54,29.11
31.99,42.9,5.21,33.76
34.41,68.13,6.34,26.93
34.14,56.1,4.83,25.87
32.56,76.8,5.3,31.13
34.35,66.01,4.93,35.59
32.91,43.62,6.3,24.15
33.46,77.91,3.73,29.25
37.35,50.34,5.0,21.34
36.68,53.49,5.56,28.03
31.4,56.09,5.88,30.17
35.66,42.05,5.25,25.73
35.62,59.86,6.23,27.72
31.7,44.93,6.33,22.96
35.64,56.04,3.69,30.39
37.08,54.03,4.71,35.28
31.75,70.91,3.57,24.51
32.16,72.13,4.49,26.89
36.04,46.14,5.11,32.51
34.54,54.66,6.23,36.06
35.1,54.93,6.04,22.53
34.68,46.06,3.88,29.16
34.78,71.94,3.78,31.42
31.35,68.29,5.27,29.49
36.09,47.62,5.1,17.62
36.34,54.67,4.3,32.51
33.54,44.23,6.2,37.6
33.91,65.13,6.28,30.58
30.94,44.85,4.71,24.84
35.03,79.44,6.17,27.43
35.14,71.23,4.65,38.85
33.88,55.61,5.71,34.55
36.25,63.14,4.93,33.2
33.33,76.45,3.87,31.78
35.13,62.16,6.28,26.69
31.96,46.98,4.86,29.0
33.95,55.15,5.7,29.61
33.65,73.73,4.6,32.75
34.45,65.77,3.56,37.54
33.26,66.03,3.8,35.59
33.74,74.67,4.99,22.9
35.65,75.76,5.57,31.12
33.13,76.79,4.5,33.68
30.79,43.79,5.59,33.09
37.5,61.77,5.6,26.85
36.76,69.62,5.61,44.57
31.42,70.28,4.98,23.61
35.38,64.27,6.24,24.58
32.99,46.67,4.97,31.17
34.53,71.9,4.85,40.58
34.59,68.8,4.1,25.82
33.53,43.45,4.42,28.67
32.43,58.55,3.63,35.39
32.62,46.96,5.4,29.91
32.17,53.5,4.25,28.33
32.34,40.72,4.41,32.83
33.87,56.01,5.81,31.36
32.57,62.0,4.48,35.15
35.36,64.78,4.23,36.46
36.97,66.54,4.01,31.54
32.84,73.45,5.82,31.46
34.48,48.62,3.89,31.07
35.0,44.82,4.86,32.45
34.94,74.06,5.02,30.28
34.15,46.26,5.56,30.0
35.49,78.99,5.4,35.98
34.96,73.7,5.93,37.58
31.52,60.04,3.63,22.46
35.74,79.26,4.39,30.05
35.77,43.9,4.34,26.56
32.47,52.12,3.94,28.45
34.08,65.53,4.37,32.01
35.37,54.0,4.43,33.35
33.58,77.13,5.07,29.44
36.15,42.63,5.49,20.43
38.73,61.98,4.64,25.17
32.43,63.63,5.66,34.48
31.24,66.11,4.51,16.3
34.61,50.23,4.37,35.94
35.44,54.58,5.12,32.61
33.54,73.75,3.57,36.58
36.91,47.8,3.74,29.01
31.32,73.07,4.75,19.69
35.39,62.51,6.33,32.15
32.79,70.49,5.66,36.37
37.44,68.54,3.76,34.62
37.99,48.3,6.04,26.69
32.47,62.75,5.7,30.43
32.9,74.71,5.33,27.34
35.72,57.28,5.96,25.9
33.23,78.66,4.71,34.78
33.91,58.09,4.16,24.01
34.05,45.71,5.04,25.53
30.16,55.58,5.15,24.48
33.97,78.07,5.11,22.55
32.62,52.79,5.2,30.73
33.01,74.72,6.35,35.81
36.89,75.25,6.21,29.08
31.49,54.01,6.13,22.47
35.63,43.33,5.9,34.2
33.44,68.98,6.33,38.43
33.44,52.46,3.8,26.77
35.58,71.32,4.3,27.61
34.68,57.71,4.99,32.58
35.14,59.41,6.04,38.11
35.94,71.12,5.02,27.4
33.34,55.29,5.74,23.34
32.78,57.73,3.92,33.16
31.83,55.05,4.26,34.0
32.35,54.69,5.7,30.03
39.9,61.04,3.99,27.21
36.49,72.35,4.55,34.97
31.3,54.47,4.29,32.64
31.36,60.97,4.55,26.16
34.96,66.83,5.62,30.25
35.09,50.78,4.6,23.24
35.1,51.1,5.17,33.43
33.49,77.34,3.8,28.69
33.75,68.94,5.92,27.82
34.66,63.09,4.61,29.84
34.17,65.91,5.45,30.2
29.56,41.17,5.68,34.47
33.54,64.72,4.13,32.96
32.3,60.38,6.15,29.22
34.35,61.83,5.35,33.82
39.97,54.38,4.79,32.0
34.73,43.26,4.05,27.87
33.37,47.73,6.33,29.38
35.84,78.03,5.77,29.26
34.97,56.35,4.12,32.53
34.84,58.67,4.51,28.16
35.21,42.11,5.93,28.05
38.11,41.5,5.59,39.84
31.74,68.69,5.8,34.7
34.95,61.52,4.82,26.2
32.15,60.35,5.65,32.85
35.11,49.72,4.66,30.59
32.16,69.79,4.13,31.96
33.17,46.73,5.4,30.69
33.41,47.6,6.43,35.95
35.95,58.43,4.43,31.73
35.84,51.45,4.88,29.69
31.51,49.9,5.52,35.21
34.11,65.81,5.12,31.17
32.58,66.04,6.03,30.61
31.48,72.98,5.79,31.57
33.57,56.71,3.67,29.53
33.38,42.92,6.5,30.05
38.85,50.95,5.76,27.07
34.87,79.2,6.09,26.24
31.24,63.85,5.45,25.01
32.87,68.39,6.07,23.04
36.04,40.29,3.84,25.6
38.18,60.73,4.54,29.13
30.83,41.5,6.13,30.52
30.24,62.77,4.1,28.64
37.74,76.83,3.73,18.22
34.78,78.74,5.86,37.87
32.26,61.62,6.01,35.43
35.07,58.33,3.99,32.23
28.73,77.8,6.06,39.54
34.01,66.94,5.56,25.11
34.66,42.6,5.06,39.44
35.85,58.63,5.99,25.17
31.97,49.61,4.76,31.19
34.17,58.79,4.08,23.63
32.15,58.22,4.35,30.07
34.51,63.29,5.02,31.93
32.21,54.27,5.09,29.23
33.18,46.57,5.92,33.57
32.01,60.15,5.87,30.5
35.3,73.21,5.24,27.39
35.72,66.56,5.84,27.17
33.53,53.53,4.08,34.05
34.08,77.42,3.65,26.73
31.1,76.49,6.12,34.58
33.4,48.37,3.73,36.11
33.9,41.58,4.24,21.66
39.24,69.65,5.59,35.66
31.78,73.1,4.73,40.3
36.93,78.71,6.13,31.26
35.99,75.59,4.39,33.0
34.56,64.02,3.54,35.19
37.52,61.2,4.4,28.62
34.74,41.11,5.23,30.91
34.78,49.87,4.63,23.43
33.89,58.38,5.1,30.69
36.45,65.14,6.13,32.49
36.19,62.29,6.24,32.58
32.75,69.71,4.3,35.33
31.36,51.19,4.89,26.13
33.59,62.6,5.15,27.34
32.4,43.53,6.35,39.48
33.87,56.55,6.5,29.25
36.47,70.01,4.21,31.0
33.09,67.74,5.68,29.66
33.91,79.63,4.63,25.89
34.12,51.12,3.52,38.12
35.7,59.93,3.53,27.36
29.51,53.18,4.88,24.36
32.79,57.62,4.97,27.75
34.42,74.28,3.57,19.99
36.4,67.37,5.56,26.74
33.02,75.3,4.38,25.16
30.25,48.14,5.18,33.09
35.24,74.93,4.4,26.63
32.73,42.39,4.0,34.44
31.62,75.54,4.72,36.99
32.75,53.16,4.2,33.91
33.63,52.58,5.1,28.92
32.79,60.48,4.1,30.71
29.59,77.63,5.03,22.38
35.79,41.91,3.97,29.33
36.55,54.09,5.51,25.7
35.3,74.26,5.76,33.47
31.72,55.84,3.83,42.86
33.6,47.97,4.9,32.5
33.99,56.99,3.71,20.04
35.2,55.42,5.29,28.19
35.34,76.62,4.29,30.61
32.53,70.48,5.08,30.44
34.16,60.2,5.05,26.35
34.91,79.53,6.27,31.23
36.91,58.61,5.15,23.79
35.41,42.33,5.25,25.28
35.58,50.49,4.7,33.23
34.17,57.44,6.35,24.92
36.82,46.28,5.83,32.69
34.82,77.9,4.36,23.15
32.28,70.67,6.03,38.82
36.81,50.73,4.8,26.13
35.4,63.63,5.99,28.88
33.11,68.86,5.97,31.65
33.04,77.65,4.07,27.17
34.59,75.27,5.6,30.72
34.93,60.61,4.37,32.88
34.39,70.99,4.39,34.8
34.62,62.49,4.39,33.96
37.4,62.11,5.68,29.14
36.14,44.59,4.19,29.27
34.38,45.05,3.5,41.75
35.88,61.18,5.65,34.75
31.93,50.75,4.01,25.39
34.8,40.84,3.81,30.5
37.62,68.91,4.21,28.32
33.56,41.3,4.64,29.32
32.3,63.81,4.93,23.85
32.7,61.57,3.63,27.94
31.82,78.75,6.41,39.06
32.43,59.37,5.65,32.9
33.26,42.54,4.47,17.54
31.19,62.07,4.46,36.08
34.03,73.64,4.85,35.45
35.8,79.87,5.38,28.2
32.18,57.21,3.94,33.59
37.04,52.81,4.07,25.7
35.02,76.27,6.08,27.65
36.06,47.65,4.27,37.49
32.68,64.62,4.64,28.64
35.71,56.23,6.11,20.65
31.82,41.64,5.49,29.68
35.78,53.89,4.53,29.61
34.34,50.61,5.55,35.99
35.11,67.44,3.56,30.07
31.65,77.95,5.71,27.89
32.21,50.72,4.96,35.23
35.19,72.46,5.94,30.6
32.1,42.21,6.36,26.25
34.93,61.52,6.28,35.77
31.27,42.82,6.23,30.97
35.7,77.36,5.04,30.01
31.53,70.65,4.58,30.89
35.1,66.32,4.9,24.65
35.25,72.96,5.57,27.36
32.61,65.9,6.15,30.02
35.16,78.76,4.12,29.03
34.52,68.56,6.25,36.36
32.92,76.99,5.95,31.09
31.98,60.69,6.44,34.27
30.07,44.68,6.14,30.05
34.7,61.13,4.34,35.28
30.87,45.07,3.82,31.99
34.19,63.7,3.84,30.07
33.47,59.3,4.37,29.93
35.36,64.9,5.34,25.23
33.4,40.4,5.91,32.53
33.34,47.79,6.2,29.8
35.46,59.65,5.37,27.49
34.67,78.02,3.52,35.53
34.63,55.34,4.06,23.75
34.94,56.97,3.8,27.89
30.93,68.59,4.59,35.14
35.51,64.15,5.0,31.58
35.22,51.96,3.63,29.76
31.97,56.43,4.55,31.26
33.51,48.71,4.04,30.9
33.92,78.64,5.44,22.42
33.73,45.23,4.89,28.25
34.67,54.87,4.99,38.08
36.86,41.03,4.78,26.7
36.16,48.87,6.37,28.41
31.38,71.22,4.14,27.29
35.24,48.05,5.05,29.56
36.66,43.2,5.71,27.08
34.77,58.98,5.17,32.43
36.18,40.4,6.29,30.99
38.02,43.39,4.63,33.87
36.05,72.31,4.89,24.75
34.5,70.86,3.77,28.3
36.09,76.61,5.33,28.87
34.29,74.18,4.36,32.28
34.05,67.33,3.98,26.03
33.3,42.09,5.13,34.58
37.13,71.31,5.1,35.93
32.36,73.82,3.73,25.06
37.06,71.96,5.59,27.55
35.0,60.34,5.37,27.34
31.2,49.32,4.07,43.16
34.74,73.81,4.91,27.85
29.8,69.09,5.66,38.39
35.25,79.23,5.09,23.67
35.77,46.23,4.69,25.05
32.82,49.03,4.47,26.57
34.25,48.47,5.33,25.77
37.91,71.7,6.32,28.66
32.99,47.48,5.52,26.46
31.88,42.67,3.72,25.9
36.96,79.94,4.88,35.79
37.93,40.99,6.17,36.12
34.01,73.41,3.78,34.75
36.02,54.61,6.47,32.62
36.68,73.66,6.35,30.46
32.52,62.18,3.73,27.51
33.03,76.07,6.3,25.23
36.46,77.05,4.59,31.81
37.37,40.36,6.03,24.13
35.13,43.02,4.76,25.03
32.24,50.01,4.82,35.76
37.97,66.77,5.4,39.5
32.94,75.53,5.82,31.97
33.33,58.4,3.6,35.53
34.68,64.28,5.28,28.77
37.11,47.54,4.06,23.31
35.71,72.2,4.54,33.06
34.83,78.69,4.54,32.85
34.93,50.74,4.91,30.36
34.09,59.79,4.5,28.79
35.12,43.44,3.82,34.81
28.94,62.37,3.94,25.07
33.41,60.11,3.6,26.13
34.48,45.78,4.91,24.96
31.7,57.68,6.36,30.42
34.77,53.36,3.85,24.56
33.59,60.87,6.34,26.58
37.51,63.43,5.7,26.47
37.15,40.34,5.41,28.7
33.07,70.44,5.44,22.56
33.7,68.52,5.98,30.44
33.85,54.65,3.82,36.24
33.1,42.12,5.01,30.68
34.39,70.2,5.59,37.71
32.48,78.21,5.26,36.67
31.74,49.61,6.0,33.89
35.25,52.94,3.72,30.37
35.26,47.35,5.57,30.11
32.39,63.08,5.1,33.82
35.79,46.19,4.64,28.04
32.74,54.25,4.52,20.59
34.51,67.88,5.36,32.46
35.64,62.4,6.17,24.34
33.93,55.46,4.99,25.19
34.91,56.81,5.97,30.0
32.97,62.48,4.71,29.52
33.61,40.23,3.81,22.94
33.59,43.14,3.68,30.83
32.51,75.25,3.65,34.83
33.65,43.12,4.64,24.36
30.9,68.27,4.51,36.36
33.02,76.8,5.65,22.2
33.43,50.83,5.73,40.59
33.49,54.82,3.65,27.94
33.52,62.76,4.16,30.73
33.88,75.27,4.32,20.54
34.96,77.68,5.14,29.69
35.75,69.58,3.93,31.14
32.7,43.46,3.9,29.57
31.59,66.77,6.33,27.18
31.92,56.41,5.91,25.27
33.03,58.83,4.04,35.65
33.3,41.97,4.72,30.15
32.46,47.64,4.57,37.7
31.41,71.62,5.87,27.37
33.09,58.16,5.03,27.83
34.36,52.07,3.88,34.08
35.19,55.36,5.72,21.89
32.89,74.18,4.69,23.93
33.17,69.96,4.29,35.49
32.15,50.89,4.63,24.14
33.94,44.7,4.99,20.9
32.3,50.08,4.53,39.34
35.15,76.83,4.23,23.03
30.43,63.26,4.7,30.92
33.28,61.34,3.56,30.35
34.6,63.86,5.82,15.95
34.37,54.64,4.01,28.66
39.39,72.28,3.63,32.24
34.7,60.93,5.46,31.77
31.99,44.67,5.82,34.52
33.81,45.16,5.94,28.06
30.45,61.47,4.98,33.56
33.84,77.46,4.12,26.55
32.33,52.33,5.71,22.95
35.83,74.78,5.6,23.51
32.9,70.56,4.24,22.69
33.77,49.91,6.21,35.05
32.73,41.45,3.81,22.43
37.48,44.07,6.45,31.37
33.36,69.14,6.08,28.67
37.67,47.99,5.56,29.49
35.63,54.85,6.32,36.82
34.96,60.07,5.67,27.81
34.74,69.02,4.07,33.06
34.79,44.53,4.83,30.19
30.14,56.25,3.71,29.24
33.44,59.4,4.67,41.5
35.69,61.63,5.72,22.79
33.9,72.73,4.66,36.45
31.19,46.87,4.49,33.28
33.9,72.31,5.29,27.6
37.41,67.72,6.12,38.15
36.49,62.23,3.64,20.76
33.88,67.98,4.66,27.39
35.9,56.48,3.97,23.96
33.27,45.54,5.59,32.06
30.59,66.63,3.82,24.43
32.15,60.99,5.49,32.17
37.13,65.57,4.36,29.07
33.45,53.52,4.1,27.6
33.51,76.27,6.31,31.94
33.4,63.49,3.56,28.66
37.81,43.42,4.81,24.56
37.25,57.99,3.56,44.01
38.44,70.25,4.95,27.56
33.68,71.77,5.0,18.91
34.59,59.78,4.46,25.79
30.97,75.79,3.9,23.66
36.95,50.71,4.63,34.13
31.66,56.42,5.52,31.61
34.43,75.94,5.85,31.99
31.81,75.85,5.09,28.15
32.82,67.43,5.27,28.6
32.33,74.36,4.1,28.15
32.78,43.55,4.36,29.59
32.92,74.6,3.99,34.18
32.9,52.82,4.25,31.68
35.67,47.13,4.17,32.5
31.79,49.57,5.06,32.5
34.44,56.72,5.19,34.42
36.44,50.05,6.33,31.44
32.97,52.82,4.09,31.79
32.56,45.4,5.43,35.94
33.54,51.85,5.95,26.67
36.36,62.89,5.18,25.72
34.39,57.67,4.27,24.07
32.94,53.87,4.29,30.91
34.97,69.86,3.62,20.73
31.8,75.74,4.42,32.31
35.36,70.27,5.73,29.45
34.82,53.28,3.64,35.67
33.38,69.78,4.16,26.64
32.32,46.08,5.62,28.98
32.23,45.21,5.85,35.61
35.07,53.83,4.87,36.92
36.46,72.31,5.59,26.6
32.73,49.85,4.66,30.91
34.92,42.53,3.98,31.47
29.83,45.27,4.69,31.87
32.83,74.35,5.24,28.69
33.94,65.35,6.34,36.41
32.18,50.13,3.71,20.55
32.13,62.21,5.02,27.89
32.66,61.1,4.49,32.24
34.58,66.22,5.02,32.29
33.63,49.33,3.57,36.76
29.52,74.58,4.44,35.99
29.76,52.37,5.96,28.57
32.79,67.77,5.16,36.5
34.92,40.64,4.85,26.43
28.5,54.91,4.36,34.65
33.0,54.07,4.39,39.05
32.95,61.74,4.65,36.07
36.78,42.91,6.01,30.53
33.23,71.61,6.4,28.34
34.77,48.71,4.82,22.36
34.28,67.08,4.68,31.55
29.74,72.13,6.04,24.42
35.54,62.48,4.78,26.03
34.43,69.64,5.16,24.05
35.02,66.47,4.19,27.7
41.85,54.22,5.73,29.86
29.83,72.35,5.1,31.37
37.45,51.79,5.93,27.0
33.43,62.85,5.84,35.35
34.57,69.82,4.15,28.96
33.91,55.16,5.65,26.06
33.15,52.11,5.9,31.13
32.86,58.37,4.54,39.82
34.66,72.72,4.02,31.68
30.97,77.2,3.51,28.19
35.5,61.8,4.85,22.36
33.17,66.46,4.56,28.9
31.74,76.13,5.16,31.17
33.1,43.94,4.06,28.06
36.51,49.28,6.08,21.67
32.93,68.36,4.27,25.75
34.72,72.95,4.18,37.27
32.54,74.28,4.94,37.17
35.52,56.6,5.0,25.57
35.37,43.57,4.15,33.36
37.7,57.51,4.32,24.11
33.65,49.23,4.01,37.02
35.34,51.65,5.66,31.23
34.2,70.89,5.81,34.75
36.59,43.02,4.89,21.42
32.56,73.1,5.64,33.39
35.49,57.11,5.71,29.96
33.61,63.84,3.91,34.26
33.87,43.59,6.4,34.57
34.18,53.49,5.96,30.33
34.5,43.59,4.11,27.0
33.77,78.46,4.06,33.9
34.43,72.29,3.88,29.7
37.16,58.39,3.92,25.64
35.97,48.94,5.74,25.4
35.74,77.34,4.91,22.61
33.09,53.78,5.85,27.45
32.22,46.44,5.74,35.51
35.91,62.53,5.31,30.89
35.75,77.75,5.56,27.35
36.95,40.15,3.56,34.02
32.79,49.52,4.44,25.84
33.54,77.54,5.41,30.48
30.72,46.84,3.53,29.1
33.22,44.53,3.6,33.9
35.99,62.81,6.06,22.11
33.07,74.47,5.55,25.75
35.28,59.08,4.3,21.81
33.62,79.78,5.56,28.7
34.65,67.17,5.88,36.06
31.7,42.96,4.42,27.47
34.17,79.71,3.61,27.45
28.02,56.32,6.3,34.36
33.63,51.5,4.54,35.34
30.74,62.32,3.82,29.56
36.41,52.17,4.98,33.42
35.55,43.46,5.81,24.62
34.93,40.06,4.16,36.89
37.04,57.98,4.31,40.74
32.1,73.47,4.23,32.61
37.49,62.89,6.48,19.58
35.86,79.97,4.09,27.21
33.53,51.47,5.23,33.06
36.27,51.22,6.28,27.89
31.79,46.39,3.94,36.36
32.35,46.56,6.41,32.94
32.78,51.41,6.34,26.47
32.94,71.71,6.15,30.16
31.89,76.23,4.14,25.53
36.45,79.0,5.4,29.09
33.48,49.29,5.78,27.23
34.71,75.25,6.46,35.87
32.86,53.13,4.04,40.58
30.36,44.51,5.8,22.84
34.54,74.8,4.52,20.38
30.18,65.44,4.03,28.77
33.86,46.59,4.76,22.41
31.26,57.19,5.88,30.23
37.97,51.49,4.89,33.74
35.82,69.47,5.11,37.47
34.21,58.14,6.49,31.01
36.53,79.57,4.7,29.03
32.31,42.19,5.35,20.11
35.09,54.2,4.6,30.13
34.4,59.28,4.68,30.36
34.53,60.13,5.59,33.19
36.54,52.64,6.31,26.46
35.46,69.17,5.13,27.82
34.58,74.99,5.81,22.61
30.69,77.55,3.77,18.54
32.08,72.2,4.13,24.46
33.75,74.02,5.01,22.15
34.19,62.02,3.56,31.68
31.74,73.04,4.26,27.41
38.82,52.14,5.05,27.31
37.03,55.94,3.54,25.08
35.2,52.68,4.29,13.84
34.14,58.7,5.04,37.54
33.58,51.42,5.22,25.0
32.1,78.46,6.28,27.94
34.15,52.51,5.44,22.73
34.52,43.92,4.74,34.86
31.52,61.07,6.29,30.72
34.67,42.28,5.85,25.87
33.69,44.42,4.1,28.04
